age,height_cm,weight_kg,body_type,bust_size,category,size,rating,rented_for,fit
38.0,162.56,70.30681735,pear,36c,dress,28,4.0,wedding,small
32.0,170.18,79.37866475,hourglass,36d,dress,24,4.0,work,fit
41.0,170.18,80.73944186,pear,36d,dress,24,4.0,work,fit
28.0,160.02,58.9670081,hourglass,32d,gown,4,2.0,vacation,small
30.0,170.18,58.05982336,athletic,32dd,gown,9,4.0,wedding,small
40.0,157.48000000000002,55.33826914,hourglass,32d,jumpsuit,16,4.0,party,small
34.0,170.18,58.9670081,hourglass,32d,dress,4,2.0,everyday,large
29.0,162.56,65.77089365,,,sheath,14,4.0,wedding,fit
57.0,160.02,53.523899660000005,petite,32d,dress,8,4.0,everyday,small
22.0,170.18,59.874192840000006,pear,34d,gown,8,4.0,formal affair,small
32.0,170.18,51.255937810000006,straight & narrow,32b,gown,2,4.0,wedding,large
36.0,167.64000000000001,56.69904625,athletic,32d,romper,8,4.0,party,fit
25.0,157.48000000000002,62.59574706,hourglass,36c,sheath,16,2.0,party,small
23.0,167.64000000000001,83.91458845000001,hourglass,36d,dress,24,4.0,wedding,large
33.0,170.18,62.59574706,hourglass,34b,shift,8,4.0,work,fit
32.0,160.02,72.57477920000001,hourglass,36c,gown,16,4.0,wedding,small
40.0,157.48000000000002,52.163122550000004,athletic,32c,dress,4,4.0,date,fit
34.0,175.26,61.23496995,straight & narrow,34b,dress,12,4.0,work,small
33.0,165.1,62.59574706,hourglass,34d,dress,8,4.0,formal affair,large
34.0,175.26,83.91458845000001,full bust,,dress,28,4.0,wedding,small
38.0,177.8,76.20351816,hourglass,34d,dress,20,4.0,party,small
28.0,170.18,63.502931800000006,athletic,34b,dress,17,4.0,wedding,large
42.0,160.02,51.255937810000006,petite,34a,poncho,5,4.0,everyday,large
24.0,167.64000000000001,65.77089365,athletic,32c,dress,12,4.0,formal affair,small
33.0,165.1,69.39963261,pear,32b,shirtdress,16,4.0,work,small
24.0,170.18,65.77089365,athletic,32c,blouse,8,2.0,everyday,fit
31.0,170.18,58.9670081,straight & narrow,34c,dress,8,4.0,formal affair,small
40.0,165.1,70.30681735,athletic,36b,jumpsuit,24,2.0,party,small
39.0,177.8,65.77089365,athletic,32d,dress,12,4.0,party,small
36.0,162.56,68.0388555,hourglass,34d,dress,24,2.0,work,small
41.0,157.48000000000002,52.163122550000004,hourglass,32c,dress,4,4.0,wedding,small
28.0,175.26,72.57477920000001,athletic,34b,dress,16,2.0,party,large
31.0,165.1,63.502931800000006,pear,34c,dress,20,2.0,wedding,large
29.0,167.64000000000001,61.23496995,pear,34c,dress,8,4.0,wedding,small
32.0,165.1,49.895160700000005,athletic,,top,4,4.0,work,large
27.0,165.1,54.4310844,,,dress,1,4.0,wedding,small
33.0,160.02,68.0388555,athletic,34d+,dress,20,4.0,party,small
39.0,165.1,61.23496995,hourglass,32d,sweater,8,4.0,work,fit
32.0,165.1,58.9670081,hourglass,32b,dress,8,4.0,party,fit
32.0,170.18,65.77089365,athletic,34c,dress,16,4.0,wedding,small
37.0,167.64000000000001,67.58526313,hourglass,34c,sweater,20,4.0,everyday,large
36.0,160.02,47.62719885,straight & narrow,32c,dress,1,4.0,work,large
28.0,154.94,50.80234544,petite,34a,mini,1,4.0,formal affair,large
35.0,165.1,68.94604024,pear,34d,dress,12,4.0,wedding,large
41.0,157.48000000000002,68.0388555,hourglass,34c,coat,20,4.0,work,large
35.0,157.48000000000002,61.23496995,full bust,,dress,14,4.0,work,large
28.0,162.56,61.23496995,hourglass,36b,frock,12,4.0,wedding,small
38.0,167.64000000000001,59.874192840000006,athletic,34d,sheath,12,2.0,party,fit
38.0,170.18,62.142154690000005,hourglass,34c,top,12,4.0,work,fit
21.0,177.8,63.502931800000006,full bust,34d+,sheath,16,4.0,formal affair,small
28.0,162.56,55.791861510000004,athletic,34a,jacket,8,4.0,everyday,large
27.0,160.02,63.502931800000006,petite,34d,gown,13,4.0,wedding,fit
36.0,162.56,54.884676770000006,straight & narrow,32a,shift,4,4.0,wedding,large
23.0,167.64000000000001,58.9670081,hourglass,32c,gown,4,4.0,formal affair,small
30.0,152.4,52.163122550000004,athletic,34b,dress,8,2.0,party,small
36.0,157.48000000000002,56.69904625,petite,36b,dress,8,4.0,wedding,small
62.0,167.64000000000001,68.0388555,apple,36d,dress,24,4.0,party,fit
29.0,160.02,63.502931800000006,hourglass,34b,dress,12,4.0,wedding,fit
34.0,170.18,80.73944186,hourglass,36b,shift,28,2.0,date,small
30.0,170.18,97.52235955,hourglass,38d,dress,28,2.0,party,small
26.0,162.56,54.4310844,hourglass,32d,dress,8,4.0,other,large
31.0,170.18,58.9670081,full bust,34c,romper,16,2.0,party,small
26.0,170.18,68.0388555,athletic,,sweater,14,4.0,everyday,small
38.0,154.94,61.23496995,petite,36c,sheath,20,4.0,vacation,fit
34.0,175.26,58.9670081,athletic,34c,dress,4,4.0,work,fit
32.0,165.1,61.23496995,hourglass,34c,dress,8,4.0,vacation,small
35.0,165.1,74.84274105,,,dress,24,4.0,date,small
46.0,170.18,68.0388555,athletic,36b,sweater,14,4.0,everyday,fit
37.0,167.64000000000001,65.77089365,athletic,34d,dress,16,4.0,party,large
32.0,162.56,65.77089365,hourglass,34b,sheath,8,4.0,party,small
40.0,167.64000000000001,60.781377580000004,athletic,36b,skirt,14,4.0,work,large
40.0,165.1,59.420600470000004,hourglass,32d+,dress,8,4.0,party,fit
32.0,167.64000000000001,63.502931800000006,hourglass,34b,dress,8,4.0,wedding,fit
43.0,170.18,54.4310844,athletic,32ddd/e,sheath,4,4.0,work,fit
33.0,175.26,50.80234544,straight & narrow,34b,dress,4,2.0,party,large
33.0,162.56,49.44156833,petite,32d,sheath,1,4.0,party,large
54.0,177.8,61.23496995,straight & narrow,32c,maxi,9,4.0,party,fit
33.0,172.72,65.77089365,straight & narrow,34c,dress,16,2.0,party,small
30.0,160.02,63.502931800000006,hourglass,32d,sheath,14,4.0,date,small
33.0,162.56,54.4310844,,32c,dress,4,2.0,work,fit
27.0,182.88,65.77089365,straight & narrow,34a,dress,8,4.0,work,large
36.0,157.48000000000002,54.4310844,full bust,34d,dress,16,4.0,party,fit
39.0,172.72,61.68856232,straight & narrow,34dd,dress,14,4.0,work,fit
28.0,172.72,70.30681735,hourglass,36b,gown,9,4.0,formal affair,large
30.0,180.34,65.77089365,hourglass,32dd,jumpsuit,15,4.0,other,small
29.0,175.26,69.39963261,hourglass,34b,dress,24,2.0,party,small
34.0,152.4,53.97749203,hourglass,32d,dress,4,4.0,party,large
31.0,154.94,58.513415730000006,pear,36c,dress,12,4.0,other,fit
35.0,177.8,68.0388555,full bust,34d,mini,20,2.0,formal affair,small
65.0,182.88,67.13167076,straight & narrow,36a,dress,16,4.0,wedding,large
48.0,170.18,62.142154690000005,athletic,36b,dress,8,4.0,work,large
56.0,165.1,56.69904625,hourglass,36b,gown,20,4.0,formal affair,large
38.0,167.64000000000001,56.69904625,athletic,34c,jumpsuit,8,4.0,other,large
35.0,157.48000000000002,55.791861510000004,athletic,,gown,8,2.0,wedding,small
39.0,167.64000000000001,72.57477920000001,hourglass,34c,top,14,4.0,everyday,fit
32.0,157.48000000000002,53.523899660000005,petite,36a,sheath,4,4.0,wedding,small
34.0,167.64000000000001,78.92507238,apple,38c,dress,20,4.0,party,large
48.0,180.34,63.502931800000006,hourglass,32dd,dress,12,4.0,party,small
47.0,175.26,65.77089365,hourglass,36d,dress,16,4.0,party,small
28.0,160.02,48.98797596,hourglass,30c,top,4,4.0,everyday,fit
34.0,162.56,63.502931800000006,hourglass,36a,dress,12,4.0,party,fit
34.0,165.1,61.23496995,hourglass,30g,dress,16,2.0,wedding,fit
31.0,167.64000000000001,58.9670081,athletic,32c,shift,12,2.0,other,large
30.0,165.1,56.24545388,,32dd,dress,8,4.0,work,large
27.0,160.02,52.163122550000004,pear,,sheath,4,4.0,party,small
32.0,170.18,68.0388555,full bust,36c,dress,12,4.0,wedding,fit
34.0,170.18,81.6466266,athletic,36d,dress,24,4.0,work,small
33.0,154.94,47.62719885,full bust,32d,dress,1,4.0,wedding,large
31.0,170.18,65.77089365,hourglass,34c,dress,12,4.0,date,small
34.0,165.1,60.32778521,hourglass,34b,dress,12,4.0,everyday,fit
38.0,154.94,61.23496995,petite,36c,dress,20,4.0,vacation,large
24.0,162.56,56.69904625,athletic,32d,sheath,8,4.0,formal affair,fit
26.0,177.8,61.23496995,pear,34b,gown,9,2.0,formal affair,small
29.0,162.56,45.359237,straight & narrow,34a,sheath,1,4.0,party,fit
35.0,160.02,59.420600470000004,athletic,32d,dress,12,4.0,party,small
43.0,162.56,52.163122550000004,full bust,32d+,gown,8,4.0,wedding,small
34.0,160.02,63.502931800000006,athletic,36c,dress,12,4.0,party,fit
32.0,157.48000000000002,53.523899660000005,hourglass,32d,dress,4,2.0,wedding,small
32.0,172.72,58.9670081,athletic,34c,dress,4,2.0,party,large
45.0,144.78,56.69904625,full bust,34d,dress,16,4.0,formal affair,fit
45.0,172.72,61.23496995,athletic,34a,dress,8,4.0,other,fit
35.0,167.64000000000001,58.9670081,athletic,34b,sheath,12,4.0,party,fit
22.0,172.72,52.163122550000004,straight & narrow,32b,sheath,1,2.0,formal affair,large
34.0,177.8,72.57477920000001,straight & narrow,36a,sheath,14,4.0,date,small
36.0,172.72,88.45051215000001,athletic,32b,gown,21,4.0,formal affair,large
33.0,180.34,63.502931800000006,straight & narrow,34a,dress,12,4.0,party,large
34.0,175.26,75.74992579,,36dd,gown,21,4.0,wedding,small
56.0,165.1,45.359237,athletic,32b,dress,1,2.0,party,small
40.0,157.48000000000002,60.781377580000004,apple,34c,gown,12,2.0,wedding,fit
29.0,175.26,65.77089365,pear,36a,dress,8,4.0,party,fit
30.0,167.64000000000001,54.4310844,petite,34b,dress,4,4.0,party,fit
25.0,162.56,56.69904625,petite,34d,dress,16,4.0,party,small
38.0,165.1,58.9670081,pear,32a,dress,4,4.0,everyday,large
33.0,180.34,79.37866475,hourglass,36dd,gown,28,4.0,wedding,small
31.0,160.02,56.69904625,full bust,34c,dress,8,2.0,everyday,small
39.0,167.64000000000001,58.9670081,straight & narrow,34b,dress,8,4.0,work,small
28.0,160.02,56.69904625,,,dress,14,4.0,other,large
29.0,172.72,68.0388555,athletic,32d,dress,4,4.0,wedding,fit
34.0,152.4,50.80234544,hourglass,34a,dress,1,4.0,party,large
30.0,175.26,61.23496995,straight & narrow,34b,gown,4,4.0,other,small
44.0,162.56,56.69904625,hourglass,34d,sheath,8,4.0,work,small
27.0,152.4,50.80234544,petite,32c,dress,8,4.0,party,small
33.0,157.48000000000002,49.895160700000005,hourglass,32d,sheath,8,4.0,party,fit
29.0,157.48000000000002,47.62719885,,32d,dress,4,4.0,party,large
29.0,170.18,61.23496995,hourglass,32dd,dress,8,4.0,party,fit
29.0,160.02,52.61671492,pear,32c,dress,4,4.0,formal affair,small
29.0,154.94,45.359237,petite,32aa,mini,1,4.0,date,small
39.0,172.72,58.9670081,athletic,34b,dress,8,4.0,formal affair,small
43.0,165.1,79.37866475,full bust,,top,26,2.0,work,large
30.0,162.56,49.895160700000005,,32b,dress,1,4.0,wedding,large
32.0,172.72,65.77089365,pear,34b,sheath,14,4.0,other,small
35.0,157.48000000000002,49.895160700000005,,,dress,1,2.0,wedding,large
31.0,167.64000000000001,63.502931800000006,hourglass,36b,dress,16,4.0,party,fit
35.0,167.64000000000001,65.77089365,hourglass,36a,dress,12,2.0,work,fit
28.0,177.8,63.502931800000006,pear,34b,blouse,8,4.0,date,small
47.0,160.02,53.07030729,petite,34a,trench,8,4.0,everyday,fit
40.0,172.72,63.502931800000006,straight & narrow,36b,dress,16,4.0,date,small
29.0,172.72,58.05982336,hourglass,,dress,8,4.0,everyday,small
38.0,167.64000000000001,56.69904625,pear,32b,dress,8,4.0,formal affair,fit
34.0,154.94,53.523899660000005,athletic,32c,gown,1,4.0,formal affair,large
36.0,157.48000000000002,61.68856232,hourglass,32c,dress,14,4.0,party,small
22.0,157.48000000000002,56.24545388,hourglass,34b,gown,12,4.0,formal affair,fit
23.0,167.64000000000001,54.4310844,athletic,32a,mini,4,4.0,party,large
34.0,172.72,74.84274105,hourglass,38c,dress,16,4.0,wedding,small
28.0,154.94,48.98797596,petite,34c,gown,5,4.0,wedding,small
56.0,165.1,64.86370891,athletic,36c,dress,20,4.0,wedding,small
28.0,172.72,70.30681735,hourglass,38c,dress,20,2.0,party,large
53.0,162.56,57.152638620000005,hourglass,36c,dress,12,4.0,other,small
27.0,172.72,75.74992579,hourglass,36d,dress,20,4.0,vacation,fit
41.0,165.1,56.69904625,hourglass,34c,gown,4,2.0,formal affair,small
35.0,157.48000000000002,52.61671492,pear,32c,dress,4,2.0,party,large
34.0,170.18,65.77089365,pear,34d,dress,12,4.0,everyday,large
30.0,177.8,70.30681735,hourglass,36d,gown,16,4.0,wedding,large
35.0,157.48000000000002,56.69904625,athletic,34c,gown,8,4.0,formal affair,large
52.0,154.94,54.4310844,petite,34a,dress,4,4.0,party,large
42.0,162.56,61.23496995,full bust,,dress,16,4.0,other,fit
33.0,182.88,58.05982336,straight & narrow,34a,gown,10,2.0,formal affair,small
26.0,165.1,54.4310844,straight & narrow,32d,jumpsuit,4,4.0,party,fit
35.0,162.56,77.1107029,hourglass,34c,dress,24,4.0,party,small
28.0,172.72,58.9670081,athletic,34c,dress,8,4.0,formal affair,large
27.0,172.72,58.9670081,athletic,32c,dress,8,4.0,wedding,large
40.0,162.56,54.4310844,straight & narrow,34a,cardigan,4,4.0,everyday,large
28.0,162.56,52.163122550000004,athletic,32b,dress,1,4.0,party,large
27.0,172.72,61.23496995,straight & narrow,34d,gown,13,4.0,formal affair,fit
27.0,167.64000000000001,54.4310844,hourglass,34c,sheath,4,4.0,party,small
39.0,167.64000000000001,83.91458845000001,hourglass,36c,dress,28,2.0,wedding,small
31.0,165.1,72.57477920000001,full bust,38d,shift,24,4.0,party,small
33.0,157.48000000000002,54.4310844,athletic,34b,dress,4,4.0,party,large
36.0,162.56,72.57477920000001,apple,36d,dress,24,4.0,everyday,fit
34.0,157.48000000000002,46.266421740000006,petite,32b,gown,1,4.0,formal affair,small
30.0,152.4,70.30681735,full bust,36d,dress,24,4.0,wedding,small
35.0,162.56,53.523899660000005,hourglass,34b,sweater,8,2.0,everyday,fit
44.0,172.72,63.502931800000006,athletic,34c,jacket,8,4.0,everyday,small
28.0,165.1,56.69904625,athletic,,gown,4,4.0,formal affair,large
39.0,157.48000000000002,54.4310844,athletic,36c,sheath,4,2.0,formal affair,small
33.0,185.42,64.41011654,full bust,34d,dress,12,4.0,work,large
41.0,157.48000000000002,61.23496995,petite,36dd,dress,16,4.0,other,fit
28.0,172.72,54.4310844,pear,32c,dress,4,2.0,wedding,fit
30.0,162.56,53.523899660000005,hourglass,32c,gown,8,4.0,wedding,large
48.0,167.64000000000001,65.77089365,apple,36b,dress,12,4.0,formal affair,fit
33.0,152.4,48.98797596,petite,32c,dress,1,4.0,other,fit
58.0,165.1,74.84274105,apple,38d+,gown,28,4.0,formal affair,small
39.0,162.56,61.23496995,athletic,34b,dress,8,4.0,everyday,large
33.0,154.94,46.266421740000006,petite,32c,dress,1,2.0,party,large
35.0,162.56,56.69904625,hourglass,34b,gown,8,4.0,wedding,large
35.0,157.48000000000002,58.05982336,petite,32dd,sheath,1,4.0,other,fit
41.0,154.94,66.67807839000001,pear,34c,gown,12,4.0,wedding,large
50.0,162.56,76.20351816,pear,34d,dress,28,4.0,formal affair,small
31.0,162.56,58.9670081,athletic,32a,jumpsuit,8,2.0,party,small
29.0,162.56,58.9670081,athletic,36c,shift,16,4.0,work,small
40.0,170.18,64.41011654,,,gown,12,4.0,formal affair,small
26.0,167.64000000000001,53.523899660000005,straight & narrow,32d,dress,8,4.0,work,large
34.0,157.48000000000002,68.0388555,hourglass,34d,sheath,14,4.0,wedding,small
37.0,170.18,55.791861510000004,straight & narrow,36b,gown,9,4.0,formal affair,small
39.0,160.02,54.4310844,athletic,34b,jumpsuit,4,2.0,wedding,fit
34.0,154.94,47.62719885,hourglass,32d,cape,5,4.0,everyday,fit
30.0,157.48000000000002,58.9670081,hourglass,34c,sheath,8,4.0,formal affair,fit
38.0,165.1,56.69904625,apple,32c,romper,8,4.0,everyday,large
39.0,154.94,58.9670081,pear,34b,sheath,8,4.0,party,large
29.0,170.18,63.502931800000006,athletic,34c,gown,9,4.0,formal affair,large
31.0,160.02,58.9670081,athletic,34c,dress,12,4.0,wedding,small
34.0,154.94,48.08079122,petite,32d,maxi,1,4.0,everyday,fit
31.0,157.48000000000002,61.68856232,full bust,34d,dress,16,2.0,formal affair,large
30.0,160.02,47.62719885,petite,32c,dress,1,4.0,formal affair,fit
38.0,165.1,63.502931800000006,hourglass,34dd,maxi,8,2.0,everyday,large
31.0,170.18,61.23496995,athletic,32d,mini,8,4.0,other,large
28.0,160.02,52.163122550000004,petite,32b,dress,4,4.0,other,fit
54.0,172.72,65.77089365,hourglass,36c,dress,16,2.0,formal affair,fit
48.0,162.56,68.0388555,hourglass,36d,dress,20,4.0,vacation,fit
27.0,165.1,62.59574706,pear,34b,shift,8,4.0,wedding,small
43.0,157.48000000000002,47.62719885,petite,32d,dress,1,2.0,work,large
30.0,162.56,74.84274105,full bust,36d,shift,12,4.0,work,small
54.0,154.94,45.359237,petite,32a,gown,4,4.0,formal affair,fit
29.0,165.1,61.23496995,hourglass,32d+,dress,14,2.0,party,large
33.0,170.18,65.77089365,hourglass,36c,dress,16,4.0,formal affair,small
31.0,172.72,63.95652417,hourglass,36b,sheath,12,4.0,work,fit
40.0,170.18,68.0388555,hourglass,36c,sheath,16,4.0,party,fit
34.0,162.56,68.0388555,hourglass,36d,sheath,14,2.0,party,small
29.0,172.72,61.23496995,athletic,32d,dress,8,4.0,wedding,small
26.0,165.1,47.62719885,straight & narrow,32c,dress,1,4.0,party,small
32.0,170.18,58.9670081,hourglass,32b,dress,8,4.0,wedding,fit
36.0,165.1,65.77089365,hourglass,34c,dress,14,2.0,party,small
32.0,149.86,49.895160700000005,petite,34d,dress,1,4.0,other,large
35.0,180.34,70.30681735,straight & narrow,34c,jumpsuit,14,4.0,work,fit
39.0,170.18,79.37866475,athletic,,dress,20,4.0,party,large
36.0,165.1,48.98797596,hourglass,32c,gown,1,4.0,wedding,large
43.0,165.1,63.502931800000006,hourglass,36d,down,14,2.0,work,fit
36.0,162.56,58.9670081,athletic,34c,romper,4,4.0,vacation,large
37.0,157.48000000000002,50.34875307,petite,32d,dress,8,2.0,party,small
33.0,167.64000000000001,67.13167076,hourglass,32d+,dress,4,4.0,party,large
25.0,167.64000000000001,59.874192840000006,pear,32c,romper,14,4.0,everyday,small
35.0,170.18,68.0388555,pear,34b,dress,20,2.0,vacation,fit
20.0,182.88,86.1825503,hourglass,34c,gown,25,4.0,formal affair,small
30.0,167.64000000000001,51.255937810000006,petite,34c,romper,8,4.0,party,small
35.0,172.72,58.05982336,full bust,,sweater,8,4.0,everyday,fit
45.0,160.02,58.9670081,petite,36c,gown,16,2.0,wedding,fit
35.0,170.18,72.57477920000001,hourglass,36d,dress,16,4.0,work,large
33.0,160.02,58.513415730000006,pear,32c,shift,4,4.0,wedding,large
27.0,182.88,68.0388555,athletic,34b,jumpsuit,13,2.0,party,small
45.0,167.64000000000001,68.0388555,hourglass,36c,sweater,14,4.0,everyday,small
33.0,160.02,52.163122550000004,petite,32c,dress,4,2.0,work,fit
29.0,167.64000000000001,61.23496995,hourglass,34d,dress,8,4.0,wedding,small
35.0,167.64000000000001,65.77089365,athletic,36c,dress,16,4.0,wedding,small
30.0,177.8,74.84274105,athletic,34b,gown,17,2.0,wedding,fit
34.0,175.26,58.9670081,athletic,34c,sheath,8,4.0,work,fit
29.0,172.72,65.77089365,athletic,34c,knit,8,4.0,everyday,fit
50.0,175.26,70.30681735,athletic,36c,top,20,4.0,everyday,fit
53.0,167.64000000000001,82.55381134000001,hourglass,38c,dress,24,4.0,everyday,fit
48.0,162.56,54.4310844,petite,34c,jumpsuit,4,4.0,date,small
33.0,167.64000000000001,63.502931800000006,athletic,34b,mini,12,4.0,date,small
34.0,172.72,70.76040972,hourglass,32dd,sheath,12,4.0,wedding,fit
38.0,165.1,61.23496995,hourglass,36b,sheath,20,4.0,wedding,small
29.0,160.02,58.9670081,full bust,34c,dress,8,4.0,party,small
33.0,170.18,81.6466266,,,dress,20,4.0,work,large
40.0,165.1,61.23496995,hourglass,32d,sheath,8,2.0,other,fit
26.0,177.8,64.41011654,athletic,36b,dress,8,4.0,everyday,large
33.0,152.4,54.4310844,pear,34a,dress,4,4.0,formal affair,small
38.0,162.56,57.152638620000005,hourglass,34d,dress,4,2.0,other,fit
48.0,170.18,62.142154690000005,athletic,36b,dress,12,4.0,work,large
29.0,154.94,50.80234544,petite,32b,dress,1,4.0,wedding,large
32.0,167.64000000000001,68.0388555,hourglass,36d,mini,16,4.0,party,fit
28.0,157.48000000000002,56.24545388,petite,32d+,sheath,14,4.0,party,small
32.0,167.64000000000001,52.163122550000004,petite,,mini,4,4.0,date,large
40.0,160.02,59.874192840000006,hourglass,36b,shirtdress,12,2.0,other,small
33.0,167.64000000000001,56.69904625,pear,34a,dress,8,4.0,other,large
31.0,160.02,74.84274105,petite,38c,top,20,4.0,work,fit
40.0,154.94,86.1825503,pear,34aa,blouse,20,4.0,everyday,small
32.0,160.02,65.77089365,pear,36b,dress,12,4.0,wedding,fit
37.0,152.4,49.895160700000005,petite,32d,dress,1,4.0,formal affair,fit
27.0,152.4,44.45205226,petite,32d,gown,1,4.0,formal affair,large
30.0,167.64000000000001,56.69904625,pear,32b,dress,8,4.0,formal affair,small
31.0,165.1,86.1825503,hourglass,38c,dress,24,4.0,work,fit
36.0,160.02,48.98797596,petite,32dd,sheath,4,4.0,work,large
30.0,165.1,61.23496995,pear,34b,skirt,14,4.0,work,small
32.0,160.02,47.62719885,petite,32c,gown,1,4.0,wedding,large
36.0,157.48000000000002,53.07030729,pear,34a,dress,8,4.0,vacation,fit
30.0,162.56,62.59574706,hourglass,34d,shift,8,4.0,formal affair,fit
39.0,160.02,58.9670081,hourglass,32dd,dress,12,2.0,other,fit
28.0,167.64000000000001,61.23496995,hourglass,34d,sheath,12,4.0,party,small
32.0,167.64000000000001,61.23496995,full bust,36d,dress,12,4.0,party,large
30.0,162.56,58.9670081,hourglass,32c,sweater,8,4.0,work,fit
33.0,152.4,44.45205226,petite,34b,dress,1,2.0,wedding,large
28.0,170.18,56.69904625,athletic,34b,jacket,8,4.0,everyday,large
31.0,154.94,56.69904625,petite,34c,dress,8,4.0,vacation,large
36.0,170.18,56.69904625,hourglass,32d,top,14,4.0,everyday,small
28.0,152.4,43.09127515,petite,32c,dress,1,2.0,date,large
32.0,157.48000000000002,49.895160700000005,petite,32b,dress,4,4.0,work,small
27.0,162.56,59.874192840000006,full bust,34d,jumpsuit,8,4.0,party,small
26.0,154.94,49.895160700000005,petite,32a,gown,0,4.0,wedding,large
29.0,167.64000000000001,63.502931800000006,hourglass,36c,dress,16,2.0,party,small
39.0,165.1,52.163122550000004,straight & narrow,34b,dress,1,2.0,formal affair,small
31.0,157.48000000000002,70.30681735,full bust,36dd,dress,20,4.0,party,small
27.0,175.26,67.13167076,athletic,36a,jumpsuit,14,4.0,work,small
38.0,157.48000000000002,55.33826914,athletic,32dd,gown,1,4.0,wedding,fit
53.0,162.56,60.32778521,hourglass,36c,top,8,4.0,everyday,large
35.0,177.8,79.37866475,full bust,36d,gown,25,4.0,formal affair,small
39.0,162.56,72.57477920000001,hourglass,32d,dress,20,4.0,work,fit
40.0,157.48000000000002,49.895160700000005,petite,32b,dress,8,4.0,wedding,small
22.0,175.26,65.77089365,pear,34a,gown,12,4.0,formal affair,fit
39.0,170.18,72.57477920000001,full bust,38d,dress,20,4.0,party,large
45.0,167.64000000000001,61.23496995,athletic,36b,dress,12,4.0,formal affair,fit
35.0,170.18,59.874192840000006,pear,34b,shirt,8,4.0,everyday,large
33.0,154.94,55.33826914,athletic,34c,sheath,4,4.0,wedding,small
34.0,162.56,68.0388555,hourglass,34d,dress,16,4.0,wedding,fit
30.0,177.8,71.66759446,apple,36d,dress,20,2.0,wedding,small
34.0,167.64000000000001,61.23496995,athletic,34b,dress,8,4.0,other,large
31.0,170.18,77.1107029,full bust,36c,dress,24,4.0,wedding,large
33.0,172.72,70.30681735,athletic,36b,dress,14,4.0,wedding,fit
35.0,170.18,54.4310844,athletic,34d,dress,4,2.0,everyday,small
41.0,160.02,60.32778521,hourglass,32c,dress,20,4.0,everyday,small
36.0,160.02,48.98797596,petite,32dd,top,4,4.0,party,fit
46.0,157.48000000000002,63.502931800000006,athletic,,dress,8,4.0,date,fit
33.0,170.18,54.4310844,straight & narrow,32c,dress,8,4.0,everyday,large
35.0,172.72,65.77089365,full bust,34c,gown,21,4.0,other,large
59.0,172.72,83.91458845000001,full bust,36d+,maxi,29,4.0,wedding,large
30.0,160.02,52.163122550000004,petite,32b,dress,1,4.0,party,small
39.0,177.8,79.37866475,,,maxi,20,4.0,everyday,small
61.0,167.64000000000001,61.23496995,straight & narrow,32d,dress,8,4.0,everyday,fit
31.0,167.64000000000001,54.4310844,hourglass,32b,gown,4,4.0,wedding,fit
23.0,157.48000000000002,52.163122550000004,petite,32c,dress,8,4.0,formal affair,fit
35.0,180.34,70.30681735,straight & narrow,34c,dress,12,4.0,work,small
55.0,170.18,63.502931800000006,straight & narrow,36c,skirt,14,4.0,work,fit
35.0,165.1,61.23496995,hourglass,34d,dress,8,4.0,wedding,large
37.0,157.48000000000002,50.34875307,petite,32d,dress,14,4.0,party,small
35.0,172.72,65.77089365,hourglass,32d,dress,14,4.0,date,fit
51.0,175.26,67.13167076,full bust,36d,jacket,20,4.0,everyday,small
36.0,160.02,48.98797596,straight & narrow,32a,dress,4,4.0,date,large
35.0,162.56,51.70953018,straight & narrow,34c,mini,1,4.0,date,fit
30.0,157.48000000000002,56.69904625,athletic,36c,dress,12,4.0,wedding,small
50.0,170.18,58.9670081,athletic,34c,dress,14,4.0,party,fit
42.0,154.94,66.22448602,full bust,,dress,12,4.0,party,small
45.0,170.18,72.57477920000001,full bust,36g,sweater,20,4.0,everyday,small
29.0,170.18,57.60623099,straight & narrow,32b,dress,8,4.0,everyday,large
39.0,165.1,63.502931800000006,athletic,34d,top,8,2.0,everyday,small
28.0,172.72,58.9670081,straight & narrow,34c,dress,8,4.0,everyday,large
39.0,172.72,61.68856232,athletic,34d,romper,8,4.0,other,fit
25.0,154.94,54.4310844,hourglass,34c,dress,4,4.0,party,large
31.0,175.26,65.77089365,athletic,36c,dress,16,4.0,party,small
49.0,170.18,63.502931800000006,athletic,36b,dress,14,4.0,work,small
45.0,167.64000000000001,68.0388555,apple,36b,dress,12,4.0,party,small
52.0,160.02,54.4310844,athletic,34d,jumpsuit,4,2.0,party,fit
31.0,154.94,53.97749203,athletic,34a,dress,4,4.0,party,large
35.0,177.8,68.0388555,athletic,34b,dress,12,4.0,wedding,fit
53.0,167.64000000000001,82.55381134000001,hourglass,38c,dress,20,2.0,work,small
46.0,167.64000000000001,61.23496995,athletic,,dress,16,2.0,party,small
47.0,172.72,73.48196394,hourglass,32ddd/e,gown,25,2.0,formal affair,small
44.0,172.72,58.9670081,athletic,32d,jumpsuit,8,4.0,everyday,large
34.0,175.26,58.9670081,athletic,34c,sheath,8,2.0,work,fit
42.0,160.02,52.163122550000004,athletic,34b,jumpsuit,4,2.0,date,small
30.0,152.4,45.359237,hourglass,32d,gown,1,4.0,formal affair,fit
36.0,180.34,65.77089365,hourglass,34aa,dress,12,4.0,everyday,large
38.0,160.02,74.84274105,hourglass,38d,dress,28,4.0,wedding,fit
54.0,162.56,57.152638620000005,athletic,34d,sheath,12,2.0,party,small
31.0,170.18,68.0388555,full bust,36d,dress,14,2.0,everyday,small
35.0,162.56,53.523899660000005,straight & narrow,34c,dress,12,4.0,party,large
29.0,162.56,58.9670081,hourglass,34c,dress,20,4.0,party,fit
33.0,177.8,84.82177319,apple,38b,gown,24,2.0,wedding,small
45.0,157.48000000000002,52.163122550000004,athletic,,gown,11,2.0,wedding,large
36.0,162.56,54.4310844,petite,,dress,4,4.0,work,fit
37.0,170.18,63.502931800000006,hourglass,36a,dress,16,4.0,formal affair,small
35.0,167.64000000000001,65.77089365,hourglass,36a,dress,12,2.0,work,fit
52.0,162.56,61.23496995,athletic,36b,pants,8,4.0,work,fit
31.0,162.56,67.13167076,athletic,36c,shift,16,4.0,wedding,fit
27.0,175.26,58.9670081,straight & narrow,34b,top,14,4.0,work,fit
49.0,175.26,60.32778521,straight & narrow,36b,dress,12,4.0,party,large
15.0,170.18,53.97749203,straight & narrow,32c,jacket,4,4.0,party,fit
52.0,170.18,80.28584949,,,dress,26,2.0,formal affair,small
31.0,152.4,47.62719885,petite,32c,dress,1,4.0,everyday,fit
33.0,160.02,54.4310844,petite,32c,dress,4,4.0,party,large
27.0,170.18,72.12118683,hourglass,34c,gown,16,4.0,formal affair,large
31.0,172.72,61.23496995,straight & narrow,36b,dress,12,4.0,work,large
32.0,167.64000000000001,72.57477920000001,hourglass,36c,gown,24,2.0,formal affair,fit
34.0,170.18,55.791861510000004,athletic,34d,dress,8,4.0,work,fit
41.0,165.1,70.30681735,athletic,34c,sheath,20,2.0,formal affair,small
29.0,137.16,61.23496995,athletic,34a,dress,8,4.0,party,fit
44.0,172.72,68.0388555,hourglass,32d,gown,12,4.0,formal affair,large
38.0,157.48000000000002,68.0388555,full bust,34ddd/e,blouse,14,2.0,everyday,fit
27.0,170.18,56.69904625,athletic,32d,jumpsuit,4,4.0,party,small
28.0,172.72,63.502931800000006,athletic,30b,shirtdress,12,4.0,work,small
30.0,154.94,52.163122550000004,hourglass,32b,dress,1,4.0,wedding,large
24.0,162.56,48.534383590000004,petite,34b,dress,1,4.0,wedding,small
40.0,157.48000000000002,57.60623099,pear,34b,dress,12,4.0,date,fit
30.0,165.1,58.9670081,full bust,34d,gown,8,4.0,formal affair,small
32.0,154.94,52.163122550000004,petite,32b,dress,4,4.0,everyday,fit
32.0,175.26,63.502931800000006,athletic,36c,trench,14,2.0,everyday,large
31.0,175.26,65.77089365,athletic,34c,dress,20,4.0,formal affair,fit
32.0,157.48000000000002,48.08079122,petite,34b,jacket,1,2.0,work,small
24.0,160.02,50.80234544,petite,32c,dress,8,4.0,everyday,large
37.0,165.1,71.21400209000001,hourglass,36d,skirt,20,4.0,party,small
36.0,170.18,49.895160700000005,straight & narrow,34b,dress,1,4.0,wedding,large
41.0,162.56,58.9670081,athletic,34b,tunic,8,4.0,other,small
35.0,160.02,52.163122550000004,petite,34b,jacket,8,2.0,other,large
58.0,165.1,58.05982336,hourglass,32dd,jacket,12,2.0,everyday,large
52.0,172.72,63.502931800000006,hourglass,38d,gown,16,4.0,wedding,fit
35.0,180.34,72.57477920000001,athletic,,dress,24,2.0,other,small
32.0,157.48000000000002,53.523899660000005,petite,36a,dress,4,4.0,wedding,large
29.0,167.64000000000001,61.23496995,hourglass,32d,dress,12,2.0,date,small
35.0,152.4,52.163122550000004,petite,34d,blouse,8,2.0,work,large
37.0,175.26,58.513415730000006,straight & narrow,34c,dress,8,2.0,everyday,small
27.0,152.4,54.4310844,hourglass,32b,sweater,8,4.0,work,large
32.0,162.56,63.502931800000006,hourglass,36b,gown,15,4.0,wedding,fit
34.0,162.56,61.23496995,hourglass,34b,dress,12,2.0,party,fit
33.0,162.56,63.502931800000006,hourglass,34d,dress,12,4.0,other,large
31.0,162.56,54.4310844,petite,34b,jacket,1,4.0,other,large
30.0,162.56,54.884676770000006,petite,34b,dress,4,4.0,wedding,small
25.0,167.64000000000001,59.874192840000006,pear,32c,jacket,14,4.0,everyday,fit
29.0,162.56,53.523899660000005,petite,32c,shift,4,4.0,wedding,large
30.0,175.26,89.81128926000001,athletic,38d,dress,28,4.0,wedding,fit
59.0,162.56,59.874192840000006,full bust,34c,gown,12,4.0,formal affair,fit
36.0,175.26,61.23496995,hourglass,34b,dress,8,4.0,other,large
48.0,162.56,55.33826914,full bust,34d,shift,8,2.0,other,fit
43.0,160.02,63.502931800000006,athletic,34c,jacket,17,4.0,everyday,large
20.0,165.1,56.69904625,athletic,34a,dress,8,4.0,party,large
39.0,175.26,61.68856232,hourglass,34d,top,14,2.0,everyday,fit
40.0,172.72,52.163122550000004,athletic,34a,top,8,4.0,everyday,large
39.0,175.26,58.9670081,athletic,32c,dress,8,4.0,party,small
33.0,175.26,90.718474,hourglass,34c,gown,20,2.0,formal affair,small
28.0,165.1,49.895160700000005,hourglass,34a,gown,1,4.0,formal affair,fit
30.0,170.18,56.69904625,straight & narrow,32c,dress,8,4.0,wedding,fit
53.0,167.64000000000001,77.1107029,hourglass,34d+,dress,24,4.0,party,fit
34.0,175.26,58.9670081,athletic,34c,dress,8,2.0,work,large
30.0,162.56,56.69904625,straight & narrow,34b,gown,4,4.0,wedding,fit
28.0,167.64000000000001,56.69904625,pear,32a,dress,1,4.0,party,large
32.0,160.02,61.23496995,petite,,sheath,14,4.0,wedding,fit
32.0,165.1,61.23496995,athletic,34b,dress,4,2.0,everyday,large
38.0,162.56,52.163122550000004,athletic,34a,top,8,4.0,party,large
29.0,170.18,56.69904625,straight & narrow,34b,dress,4,4.0,other,fit
49.0,177.8,65.77089365,hourglass,36b,sheath,14,4.0,formal affair,small
42.0,175.26,61.23496995,athletic,32d,dress,14,4.0,party,small
29.0,167.64000000000001,58.9670081,athletic,34d,top,8,4.0,everyday,fit
26.0,160.02,49.895160700000005,petite,34b,maxi,1,4.0,date,fit
31.0,165.1,72.57477920000001,full bust,,gown,24,4.0,formal affair,small
27.0,167.64000000000001,63.502931800000006,hourglass,36b,sheath,4,4.0,formal affair,fit
38.0,157.48000000000002,68.0388555,full bust,36dd,dress,20,2.0,other,small
31.0,172.72,61.23496995,athletic,34b,gown,16,2.0,wedding,fit
31.0,177.8,63.502931800000006,straight & narrow,36a,romper,14,2.0,everyday,fit
30.0,157.48000000000002,47.62719885,petite,32d,dress,1,2.0,wedding,large
57.0,170.18,53.07030729,full bust,36c,dress,8,2.0,everyday,small
26.0,172.72,70.30681735,pear,34b,dress,16,4.0,other,fit
33.0,165.1,86.1825503,hourglass,36d,dress,28,4.0,date,fit
29.0,175.26,65.77089365,pear,36a,dress,8,2.0,wedding,large
29.0,170.18,58.05982336,athletic,32d+,jumpsuit,12,4.0,party,large
36.0,162.56,49.895160700000005,straight & narrow,32d,sheath,8,2.0,party,small
37.0,170.18,72.57477920000001,hourglass,36d,gown,25,4.0,formal affair,large
34.0,157.48000000000002,57.152638620000005,hourglass,32b,dress,8,4.0,date,large
25.0,170.18,58.9670081,pear,34c,sheath,12,4.0,date,small
37.0,162.56,56.69904625,petite,32dd,skirt,4,2.0,everyday,small
21.0,167.64000000000001,72.57477920000001,pear,34c,dress,12,4.0,party,small
36.0,170.18,77.1107029,hourglass,38c,dress,20,4.0,formal affair,small
35.0,167.64000000000001,65.31730128000001,hourglass,34d,romper,14,4.0,date,large
30.0,154.94,56.69904625,full bust,34dd,sweater,14,4.0,everyday,large
27.0,167.64000000000001,54.4310844,petite,32b,dress,4,4.0,other,small
35.0,167.64000000000001,70.30681735,hourglass,34d,dress,12,4.0,work,small
53.0,170.18,60.32778521,pear,34c,dress,14,4.0,wedding,fit
33.0,172.72,58.9670081,hourglass,34d,sheath,14,4.0,formal affair,small
29.0,165.1,68.0388555,full bust,34d,dress,20,2.0,formal affair,fit
47.0,160.02,54.4310844,athletic,34d,top,14,2.0,everyday,small
28.0,160.02,65.77089365,hourglass,36c,dress,16,4.0,party,small
34.0,165.1,49.895160700000005,athletic,32d,maxi,2,4.0,other,small
30.0,157.48000000000002,68.0388555,full bust,38d,gown,28,2.0,wedding,small
45.0,160.02,61.23496995,full bust,34d+,dress,20,2.0,other,small
69.0,177.8,63.502931800000006,athletic,36b,gown,25,2.0,formal affair,small
32.0,157.48000000000002,65.77089365,athletic,36c,gown,12,4.0,wedding,fit
28.0,160.02,60.781377580000004,athletic,34b,dress,12,4.0,formal affair,small
29.0,157.48000000000002,53.523899660000005,petite,,dress,4,2.0,everyday,fit
40.0,167.64000000000001,61.23496995,hourglass,34d,dress,12,2.0,work,large
28.0,160.02,49.895160700000005,petite,34b,dress,12,2.0,party,small
31.0,167.64000000000001,67.13167076,hourglass,,gown,1,2.0,formal affair,small
30.0,165.1,63.502931800000006,athletic,34d,dress,14,4.0,wedding,fit
36.0,162.56,57.152638620000005,petite,34b,gown,8,4.0,wedding,small
37.0,170.18,77.1107029,hourglass,34ddd/e,dress,20,4.0,party,large
26.0,149.86,72.57477920000001,full bust,34ddd/e,dress,20,4.0,formal affair,small
34.0,162.56,71.66759446,hourglass,36d,sheath,16,4.0,work,fit
32.0,177.8,63.502931800000006,athletic,34a,top,8,2.0,everyday,small
28.0,162.56,49.895160700000005,straight & narrow,32a,gown,1,4.0,formal affair,large
38.0,157.48000000000002,62.142154690000005,petite,36b,dress,20,4.0,wedding,fit
35.0,165.1,61.23496995,athletic,32d,dress,8,2.0,other,small
32.0,177.8,68.0388555,straight & narrow,34c,skirt,16,4.0,work,small
25.0,160.02,74.84274105,hourglass,36d,shift,24,4.0,other,fit
32.0,172.72,47.62719885,hourglass,32a,gown,5,2.0,formal affair,large
31.0,152.4,47.62719885,petite,32c,coat,1,4.0,everyday,fit
34.0,157.48000000000002,56.69904625,pear,34a,dress,8,4.0,other,fit
35.0,172.72,61.23496995,apple,34d,top,14,4.0,everyday,large
30.0,160.02,54.4310844,athletic,32c,dress,8,4.0,party,fit
38.0,167.64000000000001,63.502931800000006,hourglass,36b,maxi,9,4.0,other,large
45.0,162.56,54.4310844,hourglass,34d,dress,4,4.0,work,large
30.0,162.56,52.163122550000004,hourglass,34c,dress,4,4.0,other,fit
37.0,172.72,63.502931800000006,athletic,32b,dress,8,2.0,party,fit
30.0,172.72,58.9670081,straight & narrow,34b,sheath,8,2.0,party,fit
53.0,170.18,55.33826914,straight & narrow,32b,top,8,4.0,everyday,fit
42.0,167.64000000000001,68.94604024,full bust,36d,gown,13,4.0,formal affair,small
32.0,170.18,61.23496995,hourglass,34d,dress,8,4.0,other,fit
27.0,165.1,54.4310844,full bust,34d,top,8,2.0,everyday,small
46.0,162.56,61.23496995,hourglass,34c,gown,12,2.0,formal affair,small
31.0,170.18,79.37866475,pear,36b,dress,20,4.0,everyday,fit
27.0,167.64000000000001,53.523899660000005,hourglass,32c,dress,8,4.0,work,small
49.0,180.34,64.41011654,straight & narrow,34b,dress,12,4.0,party,small
36.0,160.02,47.62719885,straight & narrow,32c,dress,4,4.0,date,large
29.0,172.72,61.23496995,straight & narrow,34b,dress,8,2.0,other,small
47.0,175.26,65.31730128000001,full bust,36c,shift,16,2.0,everyday,fit
38.0,162.56,63.502931800000006,hourglass,36c,blazer,16,4.0,other,fit
29.0,167.64000000000001,73.48196394,full bust,32d,dress,20,2.0,party,small
49.0,172.72,62.142154690000005,straight & narrow,36b,gown,8,2.0,formal affair,large
30.0,180.34,99.79032140000001,hourglass,36ddd/e,dress,28,4.0,date,small
30.0,170.18,61.23496995,hourglass,34c,dress,8,4.0,party,large
33.0,162.56,58.9670081,athletic,34a,gown,9,4.0,wedding,fit
28.0,175.26,56.69904625,hourglass,32d,dress,4,4.0,party,large
46.0,157.48000000000002,56.69904625,pear,34b,gown,12,2.0,wedding,small
31.0,170.18,61.23496995,athletic,36b,dress,8,4.0,party,small
22.0,154.94,46.72001411,hourglass,34c,dress,4,4.0,formal affair,large
24.0,172.72,57.60623099,straight & narrow,36c,jumpsuit,9,4.0,wedding,large
33.0,165.1,58.9670081,hourglass,34b,gown,8,2.0,wedding,large
30.0,157.48000000000002,52.163122550000004,petite,34b,shift,4,2.0,party,large
31.0,162.56,54.4310844,athletic,34b,romper,4,2.0,everyday,large
24.0,172.72,56.69904625,straight & narrow,,dress,4,4.0,work,large
20.0,160.02,58.9670081,athletic,34b,gown,16,2.0,formal affair,small
35.0,170.18,83.91458845000001,hourglass,36b,dress,28,4.0,other,fit
31.0,157.48000000000002,52.163122550000004,,,romper,4,4.0,other,large
30.0,162.56,58.9670081,pear,34aa,blazer,8,2.0,work,large
33.0,160.02,53.523899660000005,hourglass,32c,dress,12,4.0,wedding,fit
30.0,172.72,88.45051215000001,hourglass,38c,dress,28,4.0,wedding,small
42.0,167.64000000000001,54.4310844,athletic,34c,dress,4,2.0,vacation,large
33.0,162.56,58.9670081,hourglass,34d,romper,12,4.0,party,large
36.0,165.1,53.523899660000005,straight & narrow,36a,dress,8,2.0,wedding,fit
28.0,165.1,77.1107029,hourglass,34d,top,20,4.0,work,fit
30.0,157.48000000000002,67.13167076,full bust,38d,jacket,16,4.0,other,large
36.0,172.72,70.30681735,hourglass,36c,dress,20,2.0,formal affair,small
32.0,165.1,58.9670081,athletic,32c,dress,4,4.0,party,small
24.0,182.88,54.4310844,straight & narrow,32a,culotte,4,4.0,work,large
46.0,162.56,72.12118683,hourglass,34d,dress,16,4.0,work,small
41.0,165.1,58.9670081,pear,34b,dress,8,4.0,everyday,small
31.0,152.4,56.69904625,athletic,36b,gown,4,4.0,formal affair,fit
31.0,185.42,72.57477920000001,hourglass,36b,sheath,20,4.0,other,large
30.0,162.56,56.69904625,athletic,32b,sheath,8,4.0,other,small
36.0,165.1,58.9670081,straight & narrow,36b,dress,12,4.0,party,small
32.0,170.18,68.0388555,pear,34a,dress,20,4.0,vacation,fit
30.0,162.56,58.9670081,pear,34aa,dress,14,4.0,work,large
38.0,160.02,54.4310844,pear,34b,dress,1,4.0,wedding,fit
31.0,165.1,86.1825503,apple,36d,dress,28,4.0,wedding,small
38.0,180.34,65.77089365,,,dress,8,4.0,vacation,fit
26.0,157.48000000000002,54.4310844,petite,34b,top,12,4.0,work,large
39.0,157.48000000000002,50.34875307,petite,34b,mini,1,2.0,party,small
44.0,165.1,77.1107029,pear,34d,dress,26,2.0,other,small
29.0,170.18,52.163122550000004,petite,32d,sweater,4,4.0,everyday,large
49.0,170.18,61.23496995,straight & narrow,36b,shift,12,2.0,party,large
48.0,177.8,63.04933943,hourglass,34d,dress,8,4.0,work,small
42.0,165.1,52.61671492,athletic,32a,top,4,2.0,everyday,small
35.0,172.72,58.9670081,straight & narrow,34a,dress,4,4.0,wedding,large
48.0,167.64000000000001,56.69904625,full bust,34d,sheath,4,4.0,party,small
32.0,154.94,58.9670081,hourglass,36b,gown,12,4.0,wedding,small
59.0,170.18,61.23496995,hourglass,34c,dress,12,2.0,party,small
47.0,160.02,52.163122550000004,straight & narrow,34c,gown,7,4.0,party,large
41.0,167.64000000000001,74.84274105,pear,36c,dress,24,4.0,formal affair,small
36.0,175.26,60.32778521,full bust,32d,dress,8,4.0,work,large
28.0,175.26,61.23496995,full bust,34dd,dress,8,4.0,party,small
25.0,165.1,64.86370891,hourglass,36b,dress,16,2.0,other,small
27.0,172.72,81.6466266,hourglass,36d,top,24,4.0,everyday,small
44.0,167.64000000000001,56.24545388,straight & narrow,34b,dress,8,4.0,wedding,small
56.0,162.56,53.07030729,petite,34b,gown,12,2.0,formal affair,large
39.0,167.64000000000001,56.69904625,athletic,32c,dress,4,4.0,work,large
32.0,170.18,70.30681735,pear,32c,dress,24,4.0,wedding,small
30.0,172.72,90.718474,hourglass,38b,dress,24,4.0,party,small
30.0,162.56,72.57477920000001,apple,36b,dress,16,4.0,other,fit
29.0,160.02,58.9670081,hourglass,34c,dress,8,4.0,wedding,fit
33.0,160.02,63.502931800000006,apple,34d,dress,14,2.0,work,fit
27.0,157.48000000000002,61.23496995,hourglass,34c,dress,12,4.0,everyday,small
39.0,172.72,65.77089365,hourglass,34c,trouser,16,4.0,everyday,small
58.0,167.64000000000001,58.05982336,athletic,36c,down,8,2.0,everyday,large
33.0,167.64000000000001,65.77089365,hourglass,36d,dress,12,4.0,work,fit
31.0,154.94,54.4310844,petite,34b,dress,8,4.0,vacation,fit
44.0,157.48000000000002,58.9670081,hourglass,34c,dress,8,4.0,party,large
27.0,165.1,68.0388555,full bust,34d,gown,16,4.0,formal affair,large
33.0,187.96,77.1107029,athletic,36b,sheath,16,4.0,party,large
32.0,157.48000000000002,65.77089365,hourglass,36c,gown,8,4.0,formal affair,fit
36.0,170.18,61.23496995,athletic,34c,dress,12,4.0,work,large
36.0,160.02,54.4310844,petite,32b,dress,4,4.0,everyday,large
32.0,167.64000000000001,63.502931800000006,straight & narrow,36c,dress,16,4.0,party,fit
32.0,172.72,65.77089365,athletic,34c,dress,12,4.0,formal affair,large
39.0,170.18,58.9670081,hourglass,32c,jumpsuit,5,2.0,other,fit
34.0,182.88,77.1107029,hourglass,36c,dress,20,4.0,everyday,large
31.0,165.1,56.69904625,hourglass,34b,jumpsuit,12,4.0,date,large
32.0,172.72,56.69904625,hourglass,34a,dress,8,4.0,party,fit
34.0,165.1,58.9670081,pear,34c,dress,12,4.0,work,small
34.0,160.02,52.61671492,petite,32b,dress,1,2.0,wedding,large
49.0,180.34,74.84274105,straight & narrow,36c,gown,21,2.0,formal affair,small
35.0,175.26,61.23496995,hourglass,34a,dress,8,2.0,date,small
35.0,162.56,58.9670081,hourglass,34b,shift,12,4.0,other,small
37.0,172.72,60.781377580000004,straight & narrow,,gown,1,4.0,formal affair,large
35.0,170.18,63.502931800000006,hourglass,34d,sweater,20,4.0,everyday,small
32.0,165.1,47.62719885,petite,32b,romper,4,2.0,everyday,large
29.0,154.94,72.57477920000001,hourglass,36d,dress,14,2.0,everyday,large
41.0,160.02,72.57477920000001,apple,36dd,dress,24,4.0,vacation,fit
19.0,162.56,47.62719885,petite,32b,dress,1,2.0,party,large
53.0,160.02,48.98797596,hourglass,34b,dress,4,4.0,everyday,fit
36.0,167.64000000000001,49.895160700000005,straight & narrow,34b,sheath,4,4.0,date,large
25.0,162.56,52.163122550000004,athletic,,gown,3,4.0,formal affair,large
23.0,175.26,65.77089365,athletic,34b,dress,12,2.0,work,small
30.0,160.02,70.30681735,hourglass,36d,jumpsuit,20,4.0,party,fit
23.0,170.18,54.4310844,straight & narrow,32b,gown,2,2.0,formal affair,small
35.0,167.64000000000001,65.77089365,hourglass,34d,dress,16,2.0,party,fit
27.0,172.72,61.23496995,athletic,34c,jacket,14,2.0,everyday,large
35.0,162.56,81.6466266,hourglass,38c,sheath,28,2.0,party,fit
33.0,170.18,61.23496995,pear,34a,dress,8,4.0,work,fit
33.0,170.18,63.502931800000006,athletic,34b,sheath,8,2.0,wedding,large
28.0,165.1,58.9670081,hourglass,32c,dress,12,4.0,party,small
29.0,170.18,72.57477920000001,full bust,36d,dress,20,2.0,wedding,small
39.0,165.1,54.4310844,athletic,34b,dress,4,4.0,party,small
31.0,165.1,50.34875307,pear,32a,dress,1,4.0,party,large
36.0,170.18,63.502931800000006,hourglass,36c,romper,20,2.0,everyday,small
30.0,160.02,49.895160700000005,petite,32a,dress,4,2.0,everyday,fit
35.0,162.56,61.23496995,hourglass,32d,dress,14,4.0,date,small
42.0,167.64000000000001,52.163122550000004,athletic,,jacket,4,4.0,work,large
35.0,162.56,72.57477920000001,athletic,36b,dress,16,4.0,everyday,fit
31.0,175.26,65.77089365,athletic,36c,shift,12,4.0,wedding,fit
62.0,157.48000000000002,50.80234544,petite,32c,dress,4,4.0,everyday,small
33.0,175.26,56.69904625,hourglass,30ddd/e,dress,1,4.0,work,large
35.0,162.56,58.9670081,hourglass,34d,dress,12,4.0,work,fit
43.0,175.26,67.13167076,athletic,36b,dress,16,2.0,party,small
47.0,152.4,74.84274105,full bust,36ddd/e,dress,20,4.0,party,small
28.0,160.02,57.60623099,petite,34c,sheath,4,2.0,party,large
33.0,170.18,61.23496995,,,sweater,8,4.0,everyday,fit
55.0,157.48000000000002,52.61671492,hourglass,34c,dress,8,2.0,party,small
35.0,162.56,63.502931800000006,hourglass,34ddd/e,dress,12,2.0,party,large
28.0,154.94,46.266421740000006,petite,32b,dress,4,4.0,work,large
43.0,165.1,63.502931800000006,hourglass,36d,dress,12,4.0,date,fit
34.0,172.72,73.93555631000001,full bust,34d,shift,20,4.0,wedding,small
31.0,165.1,63.502931800000006,full bust,36d+,dress,16,4.0,wedding,fit
24.0,165.1,59.420600470000004,straight & narrow,34c,dress,12,4.0,everyday,small
35.0,154.94,61.23496995,pear,34b,dress,14,4.0,party,small
37.0,172.72,65.77089365,hourglass,34c,dress,16,4.0,everyday,fit
23.0,172.72,63.502931800000006,hourglass,34c,dress,12,4.0,other,small
44.0,162.56,61.23496995,hourglass,36b,jumpsuit,16,4.0,wedding,large
41.0,172.72,72.57477920000001,pear,34a,jumpsuit,20,4.0,party,fit
31.0,157.48000000000002,56.24545388,pear,32d,sheath,8,2.0,wedding,small
34.0,172.72,74.84274105,athletic,36b,dress,20,4.0,formal affair,fit
27.0,160.02,68.0388555,petite,34b,sheath,14,4.0,work,fit
38.0,160.02,65.77089365,hourglass,34d,gown,16,4.0,formal affair,small
31.0,162.56,61.23496995,athletic,34b,dress,8,2.0,other,small
34.0,152.4,45.359237,petite,34b,dress,4,4.0,vacation,large
33.0,172.72,57.60623099,athletic,34d,dress,1,2.0,other,large
31.0,167.64000000000001,54.4310844,straight & narrow,32d+,dress,1,2.0,wedding,large
41.0,154.94,49.895160700000005,petite,34a,dress,4,4.0,party,small
37.0,160.02,65.77089365,petite,36b,dress,20,4.0,other,small
38.0,170.18,66.67807839000001,hourglass,34b,dress,8,4.0,formal affair,fit
41.0,160.02,53.523899660000005,petite,34b,dress,4,4.0,wedding,small
37.0,157.48000000000002,61.23496995,petite,34d,romper,8,2.0,party,large
58.0,165.1,63.502931800000006,pear,34d,dress,20,4.0,work,large
30.0,162.56,54.4310844,hourglass,34b,dress,1,4.0,party,large
33.0,152.4,49.895160700000005,full bust,34d,jumpsuit,4,4.0,other,small
31.0,170.18,58.9670081,athletic,34c,gown,9,4.0,wedding,fit
29.0,162.56,55.33826914,petite,32d,jumpsuit,8,4.0,party,small
28.0,157.48000000000002,50.80234544,petite,34b,dress,1,2.0,wedding,fit
59.0,165.1,60.781377580000004,full bust,36d,gown,16,2.0,wedding,small
29.0,175.26,77.1107029,hourglass,36c,dress,20,2.0,everyday,large
32.0,160.02,49.895160700000005,petite,34c,mini,4,4.0,wedding,small
35.0,167.64000000000001,52.163122550000004,straight & narrow,32b,romper,8,2.0,date,fit
31.0,154.94,52.163122550000004,petite,34b,dress,8,2.0,other,fit
60.0,162.56,54.4310844,hourglass,36c,dress,14,4.0,work,small
28.0,175.26,60.32778521,straight & narrow,32b,dress,4,4.0,party,large
37.0,157.48000000000002,49.895160700000005,petite,34c,dress,4,4.0,wedding,small
28.0,172.72,62.142154690000005,hourglass,34d,jumpsuit,14,2.0,everyday,fit
30.0,162.56,61.23496995,hourglass,34c,dress,8,2.0,work,small
25.0,162.56,52.163122550000004,athletic,32b,dress,4,4.0,party,small
31.0,154.94,46.72001411,petite,34b,top,4,2.0,everyday,small
26.0,160.02,63.502931800000006,full bust,32dd,dress,8,4.0,wedding,fit
34.0,170.18,65.77089365,athletic,34c,dress,16,4.0,work,small
37.0,172.72,65.77089365,hourglass,34b,dress,14,4.0,vacation,fit
51.0,172.72,83.91458845000001,hourglass,38dd,gown,28,4.0,wedding,fit
34.0,170.18,58.9670081,athletic,34b,dress,16,2.0,date,small
39.0,160.02,65.77089365,hourglass,36c,sheath,20,4.0,formal affair,fit
34.0,175.26,83.91458845000001,full bust,,dress,24,4.0,wedding,small
38.0,154.94,54.4310844,petite,34b,gown,4,4.0,formal affair,large
33.0,154.94,54.4310844,hourglass,32d,gown,12,2.0,formal affair,fit
31.0,162.56,47.62719885,petite,32a,shift,1,4.0,party,large
26.0,170.18,50.80234544,hourglass,32b,top,1,4.0,everyday,fit
49.0,165.1,54.4310844,hourglass,32dd,sheath,1,4.0,work,fit
37.0,172.72,56.69904625,apple,34d,dress,8,4.0,vacation,fit
30.0,167.64000000000001,72.57477920000001,hourglass,36c,blazer,16,4.0,work,small
34.0,175.26,77.1107029,athletic,38b,dress,20,4.0,wedding,small
26.0,154.94,49.895160700000005,petite,34b,jumpsuit,1,4.0,formal affair,large
38.0,172.72,68.0388555,hourglass,34d,romper,16,4.0,date,large
37.0,167.64000000000001,72.57477920000001,athletic,36c,gown,20,4.0,formal affair,large
33.0,162.56,54.4310844,athletic,34b,shift,4,4.0,party,large
55.0,165.1,64.86370891,hourglass,36d,dress,1,4.0,other,large
40.0,160.02,49.44156833,petite,32c,romper,1,4.0,vacation,large
33.0,157.48000000000002,65.77089365,hourglass,34d,dress,8,4.0,formal affair,large
35.0,165.1,55.33826914,athletic,32c,maxi,4,4.0,wedding,large
37.0,172.72,61.23496995,hourglass,34c,romper,14,4.0,vacation,small
35.0,152.4,62.142154690000005,pear,,skirt,16,4.0,work,fit
44.0,165.1,67.13167076,pear,38c,blouse,20,2.0,everyday,small
39.0,157.48000000000002,47.62719885,hourglass,34c,dress,4,2.0,date,small
30.0,175.26,72.57477920000001,hourglass,36c,dress,20,2.0,party,large
41.0,175.26,72.57477920000001,hourglass,36c,dress,24,4.0,other,fit
27.0,175.26,58.9670081,hourglass,34d,dress,8,4.0,party,fit
28.0,167.64000000000001,56.69904625,hourglass,32ddd/e,dress,12,4.0,wedding,small
28.0,165.1,56.69904625,straight & narrow,,gown,4,4.0,formal affair,fit
35.0,177.8,61.23496995,hourglass,34c,sheath,12,4.0,wedding,fit
29.0,157.48000000000002,64.41011654,apple,36d,dress,14,4.0,party,fit
43.0,172.72,95.2543977,hourglass,38d,dress,24,4.0,work,small
55.0,157.48000000000002,52.61671492,hourglass,34c,dress,8,2.0,party,small
34.0,154.94,45.359237,petite,32a,gown,0,4.0,wedding,large
45.0,165.1,58.9670081,,,dress,16,4.0,other,fit
34.0,165.1,56.69904625,petite,,dress,8,4.0,party,small
31.0,154.94,54.4310844,pear,32b,dress,4,4.0,wedding,large
34.0,165.1,68.0388555,athletic,36d,tank,14,4.0,other,large
30.0,165.1,70.30681735,hourglass,34d,mini,16,2.0,date,fit
36.0,160.02,54.884676770000006,pear,32b,sheath,4,4.0,party,small
35.0,157.48000000000002,58.9670081,petite,32d,dress,12,4.0,wedding,small
30.0,165.1,54.4310844,straight & narrow,34b,dress,4,4.0,formal affair,small
32.0,157.48000000000002,57.60623099,petite,34b,dress,12,4.0,work,small
39.0,170.18,64.41011654,hourglass,36dd,jumpsuit,13,4.0,date,small
33.0,172.72,71.21400209000001,athletic,34b,dress,16,2.0,wedding,small
28.0,165.1,61.23496995,athletic,34c,jacket,8,2.0,everyday,fit
31.0,167.64000000000001,74.84274105,hourglass,32d,dress,20,4.0,wedding,small
38.0,160.02,62.142154690000005,athletic,32d,dress,8,4.0,wedding,small
43.0,160.02,64.41011654,full bust,34g,sheath,16,4.0,wedding,small
31.0,172.72,65.77089365,hourglass,34b,dress,8,4.0,party,large
32.0,165.1,56.69904625,full bust,34d,shift,4,4.0,wedding,large
34.0,162.56,73.48196394,full bust,38c,dress,20,2.0,party,fit
42.0,175.26,63.502931800000006,hourglass,34dd,dress,8,2.0,work,large
44.0,177.8,65.31730128000001,athletic,36a,gown,13,4.0,formal affair,fit
36.0,160.02,79.37866475,full bust,36ddd/e,gown,28,4.0,formal affair,small
33.0,165.1,49.895160700000005,straight & narrow,32a,jacket,2,4.0,other,large
31.0,167.64000000000001,52.163122550000004,full bust,32dd,gown,12,4.0,formal affair,small
37.0,172.72,58.9670081,hourglass,32d,dress,4,4.0,work,large
46.0,177.8,72.57477920000001,athletic,36b,shift,20,2.0,other,fit
35.0,170.18,61.23496995,athletic,,pants,14,4.0,party,large
49.0,152.4,67.13167076,apple,36b,dress,24,4.0,everyday,fit
50.0,167.64000000000001,58.9670081,hourglass,34c,jumpsuit,8,2.0,vacation,large
64.0,167.64000000000001,64.41011654,hourglass,36b,dress,20,4.0,party,small
30.0,160.02,65.77089365,petite,34c,dress,20,2.0,wedding,fit
44.0,175.26,70.30681735,pear,34c,sheath,20,2.0,work,small
38.0,175.26,63.502931800000006,hourglass,32d,dress,8,4.0,formal affair,fit
30.0,152.4,58.513415730000006,hourglass,32c,top,8,4.0,everyday,small
32.0,170.18,56.69904625,hourglass,34c,dress,12,4.0,other,small
32.0,175.26,56.69904625,straight & narrow,32b,jacket,8,4.0,other,large
45.0,167.64000000000001,63.502931800000006,athletic,34c,dress,16,4.0,formal affair,fit
29.0,165.1,61.23496995,full bust,34c,romper,12,4.0,party,small
28.0,160.02,63.04933943,hourglass,34c,sheath,12,4.0,party,small
34.0,157.48000000000002,52.163122550000004,hourglass,32d,dress,4,4.0,wedding,fit
46.0,162.56,54.4310844,athletic,34a,dress,8,2.0,vacation,small
32.0,152.4,43.09127515,petite,32aa,romper,1,4.0,party,large
48.0,165.1,58.05982336,full bust,34d+,dress,4,4.0,party,large
37.0,172.72,65.77089365,pear,34a,jumpsuit,12,2.0,party,small
43.0,157.48000000000002,54.4310844,petite,32c,dress,4,2.0,everyday,small
36.0,157.48000000000002,49.895160700000005,petite,,dress,1,2.0,party,fit
32.0,175.26,65.77089365,hourglass,36c,shift,16,4.0,wedding,fit
36.0,170.18,58.9670081,hourglass,34b,dress,8,4.0,work,large
44.0,162.56,53.07030729,hourglass,34c,dress,8,4.0,other,large
29.0,175.26,67.13167076,athletic,34d,gown,17,4.0,formal affair,fit
33.0,165.1,58.9670081,hourglass,34b,dress,8,2.0,work,small
40.0,157.48000000000002,53.523899660000005,,32d,dress,8,4.0,wedding,small
32.0,160.02,50.80234544,petite,32a,dress,8,4.0,party,small
33.0,152.4,68.0388555,pear,36d,gown,12,4.0,formal affair,fit
34.0,175.26,74.84274105,pear,38c,top,20,4.0,work,large
36.0,165.1,68.0388555,hourglass,34d,jacket,14,4.0,everyday,fit
33.0,170.18,62.59574706,hourglass,34b,sheath,8,4.0,work,fit
46.0,162.56,75.29633342000001,hourglass,36d,dress,24,4.0,work,fit
34.0,160.02,61.23496995,full bust,34ddd/e,dress,12,4.0,formal affair,small
30.0,167.64000000000001,72.57477920000001,hourglass,34b,dress,20,4.0,wedding,small
45.0,162.56,52.163122550000004,hourglass,34a,dress,4,4.0,vacation,large
31.0,172.72,81.6466266,full bust,36d,gown,29,2.0,wedding,fit
30.0,170.18,61.23496995,hourglass,34c,gown,4,4.0,formal affair,fit
35.0,162.56,63.502931800000006,full bust,34d,dress,16,4.0,everyday,fit
32.0,172.72,81.6466266,pear,38c,gown,24,2.0,formal affair,fit
48.0,167.64000000000001,61.23496995,athletic,36b,gown,12,4.0,formal affair,large
40.0,157.48000000000002,56.69904625,,,top,8,4.0,work,large
30.0,170.18,58.05982336,athletic,32dd,sheath,14,4.0,other,small
33.0,157.48000000000002,79.83225712000001,hourglass,36c,dress,28,4.0,other,large
39.0,170.18,56.69904625,athletic,32b,dress,4,4.0,wedding,large
36.0,167.64000000000001,59.420600470000004,athletic,34c,top,8,4.0,other,fit
58.0,165.1,58.05982336,hourglass,32dd,dress,14,2.0,party,fit
34.0,170.18,54.4310844,athletic,32b,romper,8,4.0,party,small
31.0,180.34,77.1107029,hourglass,38d,romper,20,2.0,party,large
40.0,157.48000000000002,44.905644630000005,petite,32a,dress,1,2.0,party,large
26.0,167.64000000000001,56.69904625,,32d,maxi,8,4.0,other,fit
29.0,154.94,47.62719885,petite,32d+,gown,0,2.0,wedding,large
33.0,160.02,63.502931800000006,,32h,top,14,4.0,everyday,small
39.0,165.1,56.69904625,pear,,gown,8,4.0,party,fit
27.0,162.56,65.77089365,pear,32b,top,14,2.0,other,small
31.0,160.02,64.86370891,hourglass,36b,dress,12,2.0,everyday,large
31.0,154.94,45.359237,petite,32b,sheath,1,4.0,formal affair,large
34.0,170.18,61.23496995,pear,34b,dress,8,4.0,wedding,fit
26.0,162.56,52.163122550000004,petite,32c,dress,4,4.0,formal affair,fit
56.0,154.94,46.266421740000006,athletic,32d+,dress,4,4.0,work,fit
39.0,157.48000000000002,77.1107029,hourglass,38d,dress,24,4.0,party,small
49.0,165.1,65.31730128000001,athletic,36b,top,14,4.0,other,small
31.0,160.02,56.69904625,full bust,34c,dress,8,4.0,formal affair,large
57.0,160.02,56.69904625,petite,34c,dress,12,2.0,work,small
51.0,162.56,70.30681735,apple,36d,dress,20,4.0,other,fit
32.0,175.26,54.4310844,straight & narrow,32b,dress,8,4.0,party,large
29.0,162.56,68.0388555,hourglass,36b,dress,16,4.0,wedding,fit
29.0,175.26,61.23496995,straight & narrow,36b,dress,4,4.0,other,large
39.0,172.72,58.9670081,athletic,32c,maxi,5,4.0,wedding,fit
34.0,160.02,63.502931800000006,athletic,36c,sheath,14,4.0,party,small
33.0,175.26,72.57477920000001,pear,36a,dress,20,4.0,wedding,small
32.0,177.8,77.1107029,pear,36d,sheath,24,4.0,wedding,fit
30.0,154.94,49.895160700000005,petite,32d,romper,4,4.0,everyday,large
41.0,167.64000000000001,57.60623099,athletic,36aa,gown,8,4.0,formal affair,small
37.0,157.48000000000002,48.98797596,petite,,sheath,4,4.0,wedding,large
38.0,167.64000000000001,68.0388555,athletic,36c,dress,20,2.0,party,large
37.0,172.72,79.37866475,full bust,38c,dress,26,4.0,wedding,small
28.0,154.94,67.13167076,full bust,34dd,dress,16,4.0,other,small
32.0,175.26,58.9670081,hourglass,34c,dress,8,4.0,other,small
39.0,177.8,79.37866475,,,dress,20,2.0,everyday,small
39.0,157.48000000000002,54.4310844,petite,32d,dress,4,2.0,date,small
56.0,170.18,72.57477920000001,pear,34d,dress,20,4.0,party,large
36.0,157.48000000000002,60.32778521,pear,32c,top,14,4.0,work,small
30.0,160.02,54.884676770000006,athletic,34a,sheath,8,4.0,wedding,small
34.0,172.72,65.77089365,straight & narrow,36b,sheath,16,2.0,party,small
47.0,165.1,70.30681735,hourglass,34d,shirtdress,24,2.0,everyday,fit
42.0,154.94,56.69904625,petite,34b,gown,11,2.0,formal affair,large
58.0,172.72,53.523899660000005,straight & narrow,32c,sweater,4,4.0,everyday,small
32.0,172.72,61.23496995,pear,32c,sweater,8,4.0,everyday,fit
33.0,172.72,65.77089365,pear,34c,dress,20,4.0,wedding,small
32.0,162.56,61.23496995,athletic,32c,dress,12,4.0,wedding,large
49.0,157.48000000000002,49.895160700000005,petite,32a,culotte,4,4.0,work,fit
37.0,165.1,56.69904625,pear,34c,dress,8,4.0,formal affair,fit
52.0,152.4,61.23496995,athletic,36c,dress,16,4.0,party,fit
29.0,165.1,56.69904625,straight & narrow,32a,jumpsuit,2,4.0,wedding,fit
52.0,160.02,49.44156833,petite,34b,dress,4,2.0,formal affair,small
48.0,167.64000000000001,58.05982336,hourglass,34b,dress,4,2.0,party,large
29.0,160.02,47.62719885,petite,32a,jacket,4,4.0,everyday,large
27.0,162.56,52.163122550000004,hourglass,34c,dress,8,4.0,wedding,large
30.0,162.56,66.67807839000001,pear,34c,skirt,14,4.0,everyday,large
48.0,167.64000000000001,62.59574706,,32c,blouse,12,4.0,everyday,small
35.0,172.72,65.77089365,,,dress,8,4.0,work,small
30.0,162.56,53.07030729,petite,34b,dress,1,4.0,formal affair,large
49.0,165.1,54.4310844,hourglass,32dd,top,4,4.0,formal affair,small
28.0,154.94,54.4310844,hourglass,32d,dress,4,4.0,everyday,large
38.0,167.64000000000001,70.30681735,athletic,36b,dress,4,4.0,wedding,fit
32.0,172.72,61.23496995,pear,32c,dress,8,4.0,everyday,small
30.0,160.02,68.0388555,hourglass,34d,dress,16,4.0,wedding,fit
31.0,162.56,56.69904625,pear,34a,dress,8,4.0,work,large
38.0,165.1,54.4310844,straight & narrow,34b,sheath,8,4.0,date,small
31.0,170.18,58.9670081,hourglass,32d,gown,12,4.0,wedding,fit
35.0,172.72,63.502931800000006,athletic,36c,mini,12,2.0,party,small
31.0,167.64000000000001,63.502931800000006,hourglass,34c,shift,1,4.0,everyday,large
32.0,147.32,56.69904625,apple,36a,dress,8,4.0,party,small
37.0,157.48000000000002,53.97749203,athletic,34d,dress,8,4.0,party,fit
34.0,160.02,59.874192840000006,hourglass,34d,dress,12,4.0,work,small
31.0,157.48000000000002,86.1825503,hourglass,38f,top,20,4.0,everyday,large
31.0,160.02,72.57477920000001,hourglass,36c,dress,8,4.0,other,fit
36.0,170.18,68.0388555,athletic,36b,dress,20,4.0,work,small
30.0,180.34,65.77089365,athletic,34b,gown,9,2.0,formal affair,fit
31.0,162.56,54.4310844,athletic,34b,sweater,8,4.0,work,small
37.0,154.94,61.23496995,full bust,34d+,dress,16,4.0,wedding,fit
29.0,152.4,56.69904625,athletic,32c,romper,8,4.0,everyday,fit
38.0,154.94,61.23496995,petite,34b,dress,8,4.0,everyday,small
40.0,170.18,63.502931800000006,athletic,34b,sheath,20,4.0,party,fit
36.0,157.48000000000002,61.23496995,petite,34d,dress,8,4.0,formal affair,small
33.0,157.48000000000002,58.9670081,athletic,34b,mini,8,4.0,party,fit
25.0,165.1,58.9670081,athletic,32b,sheath,8,4.0,wedding,fit
47.0,182.88,70.30681735,athletic,36b,dress,20,4.0,party,large
32.0,160.02,63.502931800000006,hourglass,32dd,dress,12,2.0,vacation,small
28.0,167.64000000000001,54.4310844,hourglass,34c,top,4,4.0,everyday,small
38.0,165.1,67.13167076,athletic,34c,shift,12,2.0,wedding,small
42.0,162.56,50.80234544,petite,32d,dress,4,4.0,party,fit
30.0,154.94,56.69904625,athletic,34c,dress,4,4.0,formal affair,large
29.0,157.48000000000002,56.69904625,hourglass,34c,top,1,2.0,work,large
37.0,167.64000000000001,64.41011654,pear,34b,dress,12,4.0,party,large
35.0,162.56,77.1107029,hourglass,36d,gown,24,4.0,formal affair,fit
38.0,170.18,56.69904625,athletic,34b,dress,8,2.0,party,small
27.0,165.1,61.23496995,pear,32b,dress,4,4.0,everyday,small
27.0,157.48000000000002,47.62719885,hourglass,32d,jumpsuit,1,4.0,party,fit
33.0,160.02,50.80234544,hourglass,34d,vest,1,4.0,everyday,large
48.0,170.18,58.9670081,pear,34b,gown,17,4.0,party,small
32.0,177.8,74.84274105,athletic,34b,gown,25,4.0,formal affair,large
31.0,165.1,53.523899660000005,athletic,34a,dress,1,2.0,formal affair,large
22.0,175.26,61.23496995,athletic,34c,dress,8,4.0,formal affair,fit
31.0,160.02,49.895160700000005,petite,32a,dress,1,4.0,formal affair,large
57.0,165.1,61.23496995,straight & narrow,36a,gown,16,4.0,formal affair,small
38.0,162.56,57.152638620000005,pear,32b,dress,8,4.0,everyday,small
53.0,162.56,54.4310844,apple,34d,jumpsuit,8,2.0,party,small
48.0,162.56,53.07030729,hourglass,32d,dress,8,4.0,party,fit
30.0,154.94,56.69904625,full bust,36d,vest,4,4.0,party,large
31.0,157.48000000000002,50.80234544,full bust,30ddd/e,dress,1,4.0,work,small
30.0,157.48000000000002,63.502931800000006,hourglass,36c,gown,15,4.0,party,fit
29.0,162.56,52.163122550000004,petite,32d,dress,1,4.0,date,small
30.0,162.56,52.163122550000004,petite,34a,shift,1,2.0,party,large
34.0,165.1,54.4310844,athletic,32c,shift,4,4.0,wedding,small
24.0,167.64000000000001,68.0388555,athletic,34d,dress,16,4.0,party,small
21.0,165.1,79.37866475,hourglass,34dd,jumpsuit,20,2.0,party,small
33.0,167.64000000000001,65.77089365,pear,32b,dress,14,4.0,everyday,small
37.0,170.18,58.9670081,full bust,34d,dress,12,4.0,party,small
35.0,177.8,70.30681735,pear,34d,jumpsuit,20,4.0,wedding,fit
25.0,170.18,56.69904625,athletic,32d+,gown,4,2.0,formal affair,small
38.0,177.8,72.57477920000001,pear,34c,sweater,20,4.0,everyday,small
27.0,157.48000000000002,67.13167076,hourglass,34d,gown,28,4.0,formal affair,small
47.0,162.56,56.24545388,athletic,32b,dress,12,4.0,work,fit
49.0,165.1,72.57477920000001,athletic,36b,dress,24,4.0,party,small
52.0,170.18,60.32778521,pear,34d,dress,8,4.0,everyday,small
45.0,162.56,52.163122550000004,hourglass,34a,dress,8,4.0,formal affair,small
41.0,167.64000000000001,68.0388555,pear,34c,gown,12,4.0,formal affair,small
33.0,160.02,51.70953018,petite,32a,jumpsuit,1,4.0,party,fit
48.0,152.4,46.266421740000006,hourglass,34d,jacket,4,4.0,everyday,fit
51.0,160.02,52.163122550000004,hourglass,34c,dress,4,4.0,other,fit
37.0,165.1,61.23496995,hourglass,34c,dress,16,2.0,formal affair,small
27.0,172.72,74.84274105,apple,36c,dress,24,4.0,party,fit
46.0,172.72,74.84274105,hourglass,36d,dress,16,4.0,formal affair,fit
24.0,175.26,63.502931800000006,athletic,32c,dress,16,2.0,formal affair,fit
52.0,157.48000000000002,56.69904625,full bust,36dd,dress,8,4.0,everyday,large
42.0,162.56,60.32778521,athletic,36b,sheath,8,4.0,wedding,fit
40.0,175.26,72.57477920000001,athletic,36c,dress,24,4.0,wedding,fit
30.0,162.56,63.502931800000006,hourglass,34b,top,12,4.0,everyday,fit
28.0,154.94,61.23496995,hourglass,34d,romper,12,4.0,party,fit
29.0,177.8,81.6466266,hourglass,34d,sheath,20,4.0,other,fit
31.0,160.02,61.23496995,pear,32b,sheath,8,4.0,party,fit
32.0,167.64000000000001,61.23496995,hourglass,34d,dress,12,4.0,wedding,large
35.0,172.72,70.30681735,athletic,36d,gown,17,2.0,formal affair,small
26.0,162.56,77.1107029,hourglass,36d,dress,24,4.0,wedding,fit
29.0,165.1,68.0388555,hourglass,36c,mini,8,2.0,wedding,fit
40.0,170.18,61.23496995,hourglass,34d,sweater,14,4.0,everyday,fit
26.0,162.56,68.0388555,hourglass,32c,dress,12,4.0,work,large
49.0,160.02,61.23496995,hourglass,34c,dress,16,4.0,formal affair,small
34.0,165.1,48.98797596,straight & narrow,,dress,4,4.0,party,large
33.0,177.8,68.0388555,athletic,36b,gown,12,2.0,formal affair,large
32.0,162.56,66.22448602,apple,36a,top,16,2.0,work,small
31.0,162.56,61.23496995,athletic,34b,dress,8,4.0,work,small
35.0,160.02,77.1107029,hourglass,36d,dress,20,4.0,vacation,large
36.0,160.02,56.69904625,pear,32b,dress,4,2.0,party,small
34.0,162.56,47.62719885,petite,34a,jumpsuit,1,2.0,date,large
23.0,157.48000000000002,56.69904625,pear,32dd,dress,8,4.0,everyday,large
37.0,165.1,52.163122550000004,straight & narrow,30ddd/e,top,4,4.0,work,large
31.0,172.72,61.23496995,full bust,32ddd/e,top,8,4.0,work,small
48.0,165.1,55.33826914,straight & narrow,34c,dress,8,2.0,work,large
30.0,152.4,58.513415730000006,hourglass,32c,dress,4,4.0,wedding,large
32.0,160.02,49.895160700000005,pear,32b,sheath,4,4.0,other,small
39.0,172.72,51.70953018,straight & narrow,32d,culottes,4,2.0,work,fit
27.0,154.94,44.45205226,petite,32a,sheath,1,4.0,formal affair,large
30.0,170.18,54.4310844,athletic,34b,sheath,4,4.0,formal affair,small
33.0,167.64000000000001,61.23496995,pear,32c,dress,4,4.0,wedding,fit
24.0,149.86,46.72001411,petite,28aa,sheath,4,2.0,wedding,large
36.0,144.78,49.895160700000005,petite,32d,top,4,2.0,date,fit
34.0,170.18,55.791861510000004,athletic,34d,dress,8,4.0,work,fit
32.0,170.18,63.502931800000006,athletic,36b,dress,12,2.0,party,large
28.0,160.02,50.80234544,,,jacket,4,2.0,work,small
27.0,170.18,70.30681735,pear,32dd,dress,14,4.0,vacation,large
30.0,157.48000000000002,47.62719885,petite,32a,dress,1,4.0,wedding,large
52.0,172.72,65.77089365,hourglass,38d,gown,16,4.0,formal affair,small
33.0,172.72,68.0388555,hourglass,36d,mini,20,4.0,party,small
30.0,154.94,61.23496995,hourglass,34d,dress,8,4.0,wedding,fit
37.0,170.18,70.30681735,pear,36b,dress,12,4.0,work,fit
45.0,154.94,68.0388555,petite,34d,dress,16,4.0,party,small
33.0,177.8,84.82177319,apple,38b,gown,28,2.0,wedding,small
43.0,170.18,54.4310844,athletic,32ddd/e,dress,4,4.0,date,small
39.0,167.64000000000001,63.502931800000006,hourglass,34d,coat,16,4.0,everyday,fit
21.0,160.02,58.9670081,hourglass,32d,shift,4,4.0,formal affair,small
32.0,165.1,56.69904625,full bust,34d,dress,12,4.0,work,fit
32.0,177.8,81.6466266,full bust,34ddd/e,top,24,4.0,party,small
45.0,172.72,61.23496995,athletic,34a,shift,8,4.0,party,large
33.0,177.8,86.1825503,straight & narrow,36d,jumpsuit,24,4.0,other,fit
34.0,170.18,58.9670081,athletic,34a,dress,4,4.0,wedding,large
31.0,152.4,47.62719885,petite,32c,tight,4,4.0,everyday,small
43.0,157.48000000000002,65.77089365,pear,36b,dress,20,4.0,party,small
41.0,162.56,63.502931800000006,athletic,34b,dress,12,4.0,work,small
37.0,167.64000000000001,51.70953018,straight & narrow,32d,gown,2,2.0,wedding,large
43.0,165.1,56.69904625,athletic,36c,gown,8,2.0,formal affair,small
32.0,167.64000000000001,70.30681735,full bust,34dd,gown,16,4.0,formal affair,fit
35.0,152.4,54.4310844,hourglass,,dress,4,2.0,work,large
30.0,170.18,58.05982336,hourglass,34b,gown,12,4.0,wedding,small
31.0,165.1,57.60623099,hourglass,32d+,kaftan,8,2.0,everyday,large
28.0,165.1,52.163122550000004,,,dress,8,2.0,everyday,fit
22.0,162.56,74.84274105,full bust,36d,dress,24,4.0,party,fit
29.0,160.02,50.80234544,petite,34d,sheath,4,4.0,wedding,large
39.0,167.64000000000001,68.0388555,athletic,36b,dress,12,4.0,party,fit
28.0,157.48000000000002,56.69904625,pear,36a,sheath,4,4.0,party,small
28.0,175.26,58.9670081,athletic,,gown,5,4.0,formal affair,large
36.0,170.18,58.9670081,hourglass,36d,dress,14,4.0,party,small
33.0,162.56,63.502931800000006,pear,34c,dress,14,4.0,date,small
38.0,160.02,53.523899660000005,athletic,34b,dress,8,4.0,party,large
42.0,172.72,60.781377580000004,athletic,34c,dress,12,4.0,formal affair,fit
45.0,160.02,54.4310844,pear,32c,romper,8,4.0,other,fit
29.0,167.64000000000001,58.05982336,hourglass,34d,dress,4,2.0,wedding,small
29.0,170.18,74.84274105,athletic,36b,blazer,24,4.0,work,fit
33.0,162.56,58.9670081,athletic,34a,dress,8,2.0,everyday,large
29.0,172.72,65.77089365,athletic,36b,dress,16,4.0,wedding,small
31.0,165.1,90.718474,pear,38d,sheath,28,2.0,party,small
29.0,167.64000000000001,49.895160700000005,straight & narrow,,coat,1,4.0,everyday,large
35.0,162.56,72.57477920000001,hourglass,36d,dress,20,4.0,everyday,fit
42.0,175.26,65.31730128000001,athletic,,dress,16,4.0,everyday,large
36.0,162.56,48.98797596,athletic,,sheath,1,4.0,wedding,fit
31.0,160.02,50.80234544,petite,32d,dress,4,2.0,wedding,large
44.0,172.72,63.502931800000006,apple,34b,dress,1,4.0,other,large
32.0,170.18,55.33826914,pear,34b,dress,4,4.0,date,small
30.0,154.94,48.98797596,petite,32b,maxi,4,2.0,vacation,small
36.0,162.56,58.9670081,petite,34c,dress,12,2.0,work,large
27.0,172.72,64.41011654,pear,36b,parka,8,4.0,vacation,large
38.0,182.88,77.1107029,athletic,36b,dress,24,4.0,party,fit
26.0,157.48000000000002,54.4310844,petite,34b,dress,14,2.0,work,small
35.0,175.26,61.23496995,hourglass,34c,dress,8,4.0,wedding,large
33.0,162.56,61.23496995,hourglass,36b,gown,12,2.0,party,small
33.0,157.48000000000002,58.05982336,hourglass,32d,top,8,4.0,work,small
29.0,175.26,68.0388555,hourglass,34a,maxi,12,4.0,party,small
33.0,167.64000000000001,58.9670081,athletic,34b,dress,8,4.0,wedding,fit
38.0,167.64000000000001,69.39963261,full bust,34dd,dress,24,4.0,date,fit
39.0,180.34,74.84274105,hourglass,,maxi,20,4.0,everyday,large
28.0,172.72,58.9670081,athletic,34d,gown,8,4.0,formal affair,small
34.0,172.72,55.33826914,straight & narrow,32b,dress,1,2.0,party,large
28.0,157.48000000000002,45.359237,petite,32c,dress,1,4.0,wedding,large
36.0,157.48000000000002,68.0388555,pear,34c,dress,12,2.0,wedding,small
33.0,172.72,68.0388555,athletic,34c,jumpsuit,13,4.0,date,fit
25.0,162.56,72.57477920000001,pear,36b,shift,14,4.0,party,small
29.0,165.1,63.502931800000006,hourglass,34d,gown,24,2.0,formal affair,large
42.0,167.64000000000001,53.523899660000005,straight & narrow,,dress,1,4.0,everyday,large
22.0,180.34,61.23496995,athletic,34a,dress,4,2.0,formal affair,large
40.0,172.72,68.0388555,athletic,36b,dress,16,4.0,formal affair,small
26.0,162.56,56.69904625,athletic,34b,gown,8,4.0,date,fit
30.0,167.64000000000001,61.23496995,athletic,34c,dress,12,4.0,wedding,fit
37.0,157.48000000000002,50.80234544,athletic,34b,gown,1,4.0,formal affair,fit
49.0,167.64000000000001,79.37866475,apple,36c,dress,20,4.0,party,small
36.0,162.56,48.08079122,petite,32b,jumpsuit,4,4.0,party,large
31.0,162.56,56.69904625,pear,34b,dress,12,4.0,wedding,fit
37.0,175.26,61.23496995,athletic,32b,suit,8,4.0,wedding,small
25.0,157.48000000000002,43.09127515,petite,32b,romper,1,4.0,other,large
25.0,165.1,58.9670081,,,dress,8,4.0,everyday,fit
25.0,175.26,61.23496995,,34a,dress,4,4.0,wedding,fit
33.0,152.4,61.23496995,athletic,34c,dress,12,4.0,wedding,small
54.0,170.18,61.23496995,hourglass,34d,sheath,12,4.0,other,small
32.0,154.94,52.163122550000004,athletic,32c,jumpsuit,8,4.0,everyday,small
32.0,162.56,61.23496995,pear,32b,gown,4,4.0,formal affair,fit
32.0,157.48000000000002,72.57477920000001,pear,36a,blazer,20,4.0,other,large
36.0,157.48000000000002,63.502931800000006,apple,36d,gown,20,2.0,formal affair,fit
38.0,165.1,64.41011654,pear,34d,dress,14,4.0,work,fit
33.0,172.72,86.1825503,pear,36b,shift,24,4.0,wedding,large
36.0,170.18,52.163122550000004,straight & narrow,34b,gown,1,2.0,formal affair,large
29.0,162.56,74.84274105,full bust,38dd,dress,20,4.0,party,fit
31.0,162.56,52.163122550000004,hourglass,32d,dress,8,4.0,work,large
36.0,160.02,56.69904625,athletic,36c,sheath,8,4.0,work,fit
49.0,157.48000000000002,53.523899660000005,full bust,34d+,mini,8,2.0,party,small
36.0,172.72,60.781377580000004,straight & narrow,34b,dress,8,4.0,wedding,fit
27.0,165.1,61.23496995,pear,32b,skirt,8,4.0,work,small
35.0,167.64000000000001,72.57477920000001,hourglass,36b,blouse,20,4.0,work,small
26.0,175.26,49.895160700000005,straight & narrow,32a,dress,8,2.0,party,small
36.0,170.18,65.77089365,pear,36c,sweater,14,2.0,everyday,large
29.0,180.34,83.91458845000001,hourglass,36c,shift,28,4.0,party,fit
31.0,154.94,54.4310844,hourglass,32b,dress,8,4.0,everyday,fit
34.0,172.72,58.9670081,full bust,34dd,romper,8,4.0,everyday,small
31.0,175.26,63.502931800000006,pear,32c,gown,12,2.0,wedding,fit
37.0,167.64000000000001,63.502931800000006,hourglass,34c,dress,8,2.0,wedding,small
35.0,152.4,54.4310844,hourglass,,jumpsuit,4,4.0,party,large
33.0,165.1,61.23496995,hourglass,34c,dress,14,4.0,everyday,fit
32.0,162.56,49.895160700000005,petite,32a,dress,1,4.0,wedding,large
31.0,162.56,61.23496995,athletic,34b,sheath,8,4.0,vacation,large
36.0,165.1,58.9670081,hourglass,32c,gown,8,2.0,formal affair,large
37.0,170.18,72.57477920000001,hourglass,36c,dress,16,4.0,formal affair,small
30.0,165.1,68.0388555,athletic,36c,gown,16,2.0,wedding,small
31.0,160.02,72.57477920000001,pear,36a,dress,24,2.0,formal affair,small
40.0,160.02,53.07030729,hourglass,34b,sheath,8,4.0,formal affair,small
32.0,167.64000000000001,63.502931800000006,hourglass,32b,dress,8,4.0,formal affair,fit
33.0,182.88,64.86370891,athletic,32a,sheath,12,2.0,party,small
33.0,154.94,55.33826914,athletic,34c,dress,8,4.0,wedding,small
58.0,172.72,53.523899660000005,straight & narrow,32c,jumpsuit,4,4.0,everyday,fit
36.0,154.94,58.9670081,athletic,34d,dress,8,2.0,formal affair,small
27.0,160.02,53.07030729,pear,34a,coat,4,2.0,everyday,large
36.0,165.1,65.77089365,hourglass,36b,shift,16,4.0,party,large
32.0,167.64000000000001,61.23496995,full bust,36d,dress,12,2.0,party,small
27.0,170.18,61.23496995,,,dress,8,4.0,formal affair,fit
37.0,170.18,63.502931800000006,pear,36a,jumpsuit,16,4.0,party,fit
28.0,160.02,63.04933943,hourglass,34c,romper,14,4.0,everyday,small
37.0,177.8,70.30681735,hourglass,34b,dress,16,4.0,party,fit
28.0,152.4,52.163122550000004,full bust,32d,dress,1,4.0,party,large
29.0,165.1,58.9670081,hourglass,36c,dress,16,4.0,party,large
26.0,165.1,51.255937810000006,straight & narrow,30a,gown,4,4.0,formal affair,large
55.0,162.56,67.13167076,athletic,34c,dress,16,4.0,wedding,small
46.0,162.56,72.12118683,hourglass,34d,dress,16,4.0,work,small
36.0,175.26,54.4310844,straight & narrow,32c,gown,2,4.0,formal affair,large
34.0,165.1,63.502931800000006,full bust,34d,dress,16,4.0,wedding,small
31.0,162.56,72.57477920000001,hourglass,38c,dress,20,2.0,other,fit
50.0,160.02,51.255937810000006,hourglass,32d,dress,4,4.0,work,small
31.0,160.02,72.57477920000001,hourglass,36c,skirt,12,4.0,party,fit
32.0,172.72,61.23496995,pear,32c,dress,8,4.0,everyday,fit
29.0,177.8,79.37866475,full bust,36d+,gown,17,2.0,party,fit
58.0,165.1,73.48196394,hourglass,36d,trouser,12,4.0,work,small
51.0,157.48000000000002,47.62719885,,,sheath,4,4.0,work,large
39.0,172.72,61.23496995,athletic,,dress,8,4.0,wedding,small
33.0,170.18,65.77089365,full bust,36d,dress,12,2.0,everyday,small
28.0,170.18,63.502931800000006,athletic,34b,maxi,14,4.0,wedding,large
22.0,165.1,54.4310844,petite,32c,gown,1,2.0,other,large
67.0,165.1,54.4310844,hourglass,32d,dress,4,4.0,party,fit
33.0,180.34,68.0388555,hourglass,34c,dress,8,4.0,other,small
33.0,170.18,63.04933943,athletic,34d,dress,16,4.0,wedding,fit
41.0,172.72,65.77089365,athletic,34c,jumpsuit,12,4.0,date,small
24.0,162.56,53.523899660000005,straight & narrow,32a,dress,4,4.0,formal affair,small
58.0,172.72,53.523899660000005,straight & narrow,32c,dress,4,4.0,party,fit
38.0,162.56,67.13167076,full bust,34d+,dress,14,2.0,party,small
36.0,160.02,72.57477920000001,hourglass,34ddd/e,dress,20,2.0,wedding,fit
67.0,152.4,56.69904625,athletic,36d,gown,16,2.0,formal affair,fit
30.0,162.56,82.55381134000001,hourglass,38dd,dress,24,2.0,date,fit
28.0,170.18,65.77089365,athletic,34b,dress,20,4.0,party,small
56.0,172.72,56.24545388,athletic,34dd,gown,14,4.0,formal affair,fit
34.0,170.18,72.57477920000001,full bust,36d,gown,21,2.0,formal affair,large
25.0,165.1,47.62719885,hourglass,,shift,4,4.0,wedding,large
34.0,167.64000000000001,58.05982336,hourglass,32d,dress,4,4.0,party,fit
32.0,165.1,72.57477920000001,pear,34b,dress,12,4.0,wedding,small
45.0,162.56,52.163122550000004,hourglass,34a,dress,4,4.0,everyday,fit
38.0,167.64000000000001,72.12118683,hourglass,36d,shift,24,4.0,wedding,large
32.0,170.18,70.30681735,athletic,36c,jumpsuit,20,2.0,party,fit
45.0,160.02,48.98797596,petite,32b,shirt,4,4.0,work,fit
38.0,170.18,61.23496995,hourglass,34b,sheath,12,2.0,party,small
31.0,175.26,56.69904625,straight & narrow,34c,pants,1,4.0,work,small
36.0,177.8,70.30681735,,,dress,20,2.0,other,small
40.0,170.18,49.895160700000005,straight & narrow,32aa,blazer,8,2.0,work,large
40.0,172.72,61.23496995,pear,34b,gown,9,2.0,wedding,fit
28.0,154.94,56.69904625,athletic,34c,dress,12,4.0,wedding,small
32.0,170.18,62.59574706,athletic,34c,sheath,8,4.0,formal affair,fit
40.0,170.18,63.502931800000006,hourglass,34c,gown,8,4.0,party,fit
37.0,170.18,54.4310844,straight & narrow,32b,gown,1,4.0,formal affair,fit
31.0,170.18,61.23496995,straight & narrow,34d,jumpsuit,8,4.0,party,fit
32.0,177.8,68.0388555,athletic,34c,gown,17,4.0,formal affair,small
24.0,162.56,56.69904625,hourglass,34dd,dress,8,4.0,work,fit
33.0,165.1,56.69904625,petite,34b,sheath,14,4.0,wedding,fit
42.0,157.48000000000002,45.359237,petite,34a,top,4,4.0,everyday,large
27.0,160.02,56.69904625,athletic,32b,mini,4,4.0,wedding,fit
32.0,170.18,81.6466266,hourglass,36c,sheath,20,4.0,wedding,large
32.0,167.64000000000001,54.4310844,hourglass,34b,sheath,20,2.0,party,small
38.0,172.72,68.0388555,hourglass,34c,dress,8,2.0,party,large
35.0,175.26,61.23496995,hourglass,34a,dress,8,2.0,work,fit
50.0,175.26,59.874192840000006,hourglass,34d+,sheath,14,4.0,everyday,small
31.0,175.26,65.77089365,hourglass,34c,shift,8,4.0,party,fit
38.0,157.48000000000002,45.359237,petite,32c,gown,1,4.0,formal affair,fit
28.0,165.1,54.4310844,hourglass,34c,gown,4,4.0,party,large
36.0,167.64000000000001,65.31730128000001,athletic,34d,jumpsuit,16,4.0,everyday,large
30.0,170.18,56.69904625,hourglass,32b,dress,4,4.0,formal affair,large
36.0,175.26,61.23496995,hourglass,34d,frock,16,4.0,wedding,fit
32.0,157.48000000000002,58.9670081,athletic,34d,dress,8,4.0,work,small
38.0,162.56,63.502931800000006,hourglass,34d,dress,12,4.0,formal affair,fit
34.0,170.18,72.57477920000001,hourglass,34ddd/e,gown,16,4.0,wedding,small
33.0,157.48000000000002,72.57477920000001,full bust,38d,dress,24,2.0,wedding,small
36.0,177.8,68.0388555,athletic,34b,skirt,14,4.0,everyday,fit
36.0,162.56,61.23496995,full bust,34d,dress,20,4.0,wedding,small
32.0,157.48000000000002,68.0388555,hourglass,38c,top,20,4.0,everyday,fit
45.0,157.48000000000002,47.62719885,petite,32aa,skirt,4,4.0,other,fit
39.0,177.8,68.0388555,hourglass,34b,gown,13,4.0,wedding,fit
35.0,160.02,65.77089365,pear,36c,dress,20,2.0,party,fit
33.0,167.64000000000001,68.0388555,full bust,38j,kaftan,20,2.0,everyday,large
31.0,167.64000000000001,61.23496995,athletic,36a,dress,12,4.0,party,fit
30.0,157.48000000000002,62.142154690000005,athletic,36c,shift,12,4.0,party,large
27.0,170.18,61.23496995,athletic,34d,dress,12,4.0,wedding,large
48.0,167.64000000000001,58.9670081,hourglass,36b,culottes,12,2.0,work,fit
38.0,160.02,71.21400209000001,hourglass,38c,gown,24,2.0,wedding,small
28.0,175.26,56.69904625,straight & narrow,32d,shift,4,4.0,everyday,large
28.0,160.02,58.9670081,,34d,mini,12,4.0,party,small
52.0,167.64000000000001,83.91458845000001,hourglass,36d,sheath,28,4.0,wedding,large
30.0,170.18,63.502931800000006,athletic,34b,dress,4,4.0,other,fit
35.0,167.64000000000001,58.05982336,hourglass,,dress,8,2.0,wedding,large
33.0,170.18,63.502931800000006,hourglass,34c,dress,16,4.0,wedding,small
51.0,167.64000000000001,61.23496995,pear,34c,coat,12,4.0,everyday,large
30.0,165.1,61.23496995,apple,36d,dress,16,4.0,wedding,small
25.0,157.48000000000002,55.33826914,athletic,34d,dress,12,4.0,everyday,small
29.0,167.64000000000001,67.13167076,hourglass,32dd,top,8,4.0,work,small
32.0,170.18,63.502931800000006,athletic,36d+,dress,14,2.0,formal affair,fit
36.0,177.8,72.57477920000001,pear,36c,dress,14,4.0,party,large
40.0,162.56,70.76040972,full bust,36d,dress,20,4.0,vacation,fit
42.0,165.1,74.84274105,athletic,34dd,dress,20,2.0,everyday,fit
29.0,182.88,68.0388555,athletic,34b,gown,13,4.0,formal affair,fit
53.0,157.48000000000002,65.77089365,apple,36d,dress,24,2.0,party,fit
45.0,160.02,56.24545388,apple,34b,top,8,4.0,everyday,small
47.0,160.02,52.163122550000004,petite,32c,dress,1,2.0,party,fit
33.0,170.18,63.502931800000006,athletic,34b,jacket,12,4.0,other,large
32.0,160.02,58.05982336,athletic,34c,dress,4,4.0,wedding,small
21.0,157.48000000000002,45.359237,petite,32c,gown,4,4.0,other,large
39.0,170.18,63.502931800000006,athletic,34c,pants,14,4.0,work,large
51.0,180.34,65.77089365,straight & narrow,36a,dress,16,4.0,party,small
45.0,165.1,61.23496995,athletic,34b,dress,12,2.0,work,fit
43.0,167.64000000000001,52.61671492,full bust,32d,cape,4,4.0,everyday,large
37.0,172.72,58.9670081,hourglass,32d,sheath,4,4.0,work,large
30.0,177.8,56.69904625,straight & narrow,34a,top,4,4.0,everyday,fit
30.0,152.4,65.77089365,apple,34dd,dress,12,4.0,work,large
28.0,165.1,52.163122550000004,,,dress,1,2.0,everyday,large
48.0,172.72,65.77089365,apple,36c,shift,12,4.0,party,large
28.0,165.1,58.05982336,hourglass,34b,gown,8,2.0,wedding,small
38.0,157.48000000000002,54.4310844,athletic,34b,dress,8,4.0,formal affair,large
31.0,170.18,63.502931800000006,athletic,34b,dress,16,4.0,party,fit
29.0,160.02,51.255937810000006,petite,34a,jumpsuit,8,2.0,formal affair,small
27.0,177.8,81.6466266,pear,36aa,gown,24,4.0,wedding,large
38.0,167.64000000000001,81.6466266,full bust,36d,gown,24,4.0,formal affair,small
29.0,175.26,63.502931800000006,hourglass,34c,sheath,12,4.0,party,small
32.0,167.64000000000001,49.895160700000005,petite,32b,jumpsuit,1,2.0,date,large
27.0,165.1,70.30681735,hourglass,36c,dress,12,4.0,party,fit
38.0,162.56,58.05982336,athletic,32a,sheath,4,4.0,wedding,small
32.0,157.48000000000002,58.9670081,,32d,jacket,4,2.0,work,small
38.0,160.02,74.84274105,pear,36b,gown,19,4.0,formal affair,small
37.0,170.18,71.21400209000001,full bust,36c,dress,12,4.0,wedding,small
19.0,172.72,52.163122550000004,straight & narrow,32a,gown,4,4.0,formal affair,fit
33.0,162.56,56.69904625,hourglass,34d,dress,8,4.0,wedding,fit
50.0,170.18,81.6466266,full bust,38dd,gown,24,4.0,formal affair,fit
38.0,167.64000000000001,61.23496995,apple,32b,dress,8,2.0,work,large
31.0,167.64000000000001,55.33826914,athletic,34b,dress,4,4.0,wedding,small
20.0,170.18,51.70953018,pear,32a,gown,5,4.0,formal affair,small
37.0,182.88,67.58526313,athletic,34b,dress,16,2.0,party,small
34.0,162.56,66.67807839000001,athletic,36b,gown,16,4.0,wedding,large
45.0,157.48000000000002,65.77089365,pear,36c,blouse,16,4.0,work,large
28.0,170.18,58.9670081,hourglass,34d,dress,8,2.0,work,small
31.0,170.18,74.84274105,athletic,34d,dress,20,4.0,party,fit
30.0,167.64000000000001,59.874192840000006,,34d,pants,12,2.0,work,small
39.0,160.02,58.513415730000006,apple,34c,dress,12,2.0,party,large
48.0,175.26,72.57477920000001,athletic,34b,dress,24,4.0,party,large
31.0,165.1,56.69904625,hourglass,34b,jacket,8,4.0,date,large
51.0,160.02,70.30681735,full bust,36c,dress,20,4.0,formal affair,small
26.0,172.72,60.781377580000004,athletic,34c,dress,14,4.0,formal affair,small
28.0,162.56,68.0388555,hourglass,36c,romper,14,4.0,other,small
47.0,160.02,72.57477920000001,full bust,36d,dress,24,4.0,work,large
30.0,167.64000000000001,52.163122550000004,pear,32a,dress,4,4.0,other,large
52.0,180.34,70.30681735,athletic,36c,dress,28,4.0,wedding,fit
29.0,160.02,68.0388555,hourglass,34b,dress,16,2.0,wedding,large
30.0,154.94,53.07030729,pear,34a,dress,20,4.0,everyday,fit
33.0,172.72,65.77089365,full bust,34d,jumpsuit,16,2.0,vacation,small
37.0,172.72,65.77089365,hourglass,34b,culottes,14,4.0,vacation,large
48.0,165.1,56.69904625,straight & narrow,36a,jacket,12,4.0,everyday,large
41.0,165.1,54.4310844,hourglass,32b,dress,8,2.0,party,fit
29.0,170.18,54.4310844,hourglass,32b,dress,8,4.0,work,large
35.0,160.02,58.9670081,petite,34c,sheath,4,4.0,wedding,large
36.0,170.18,68.0388555,full bust,38c,dress,20,2.0,wedding,small
36.0,167.64000000000001,70.30681735,,,dress,20,2.0,wedding,small
48.0,162.56,49.895160700000005,,32d,gown,4,4.0,formal affair,small
31.0,172.72,77.1107029,pear,36b,coat,20,4.0,work,fit
18.0,165.1,58.9670081,hourglass,32ddd/e,dress,8,4.0,party,large
26.0,157.48000000000002,56.69904625,pear,32c,top,4,4.0,work,fit
34.0,165.1,81.6466266,hourglass,38d,sheath,24,4.0,wedding,small
38.0,160.02,50.80234544,hourglass,32c,dress,4,2.0,party,fit
48.0,157.48000000000002,49.895160700000005,petite,,gown,7,2.0,wedding,fit
33.0,165.1,70.30681735,athletic,36b,dress,16,4.0,formal affair,small
28.0,175.26,63.502931800000006,hourglass,32d,top,8,4.0,everyday,fit
28.0,154.94,53.07030729,petite,34b,blazer,1,4.0,vacation,fit
30.0,170.18,61.23496995,pear,34a,gown,12,4.0,formal affair,large
33.0,165.1,56.69904625,straight & narrow,34b,gown,13,4.0,formal affair,fit
33.0,175.26,61.23496995,pear,32b,gown,9,2.0,formal affair,small
28.0,152.4,45.359237,petite,34a,dress,8,4.0,party,fit
30.0,160.02,68.0388555,pear,34b,skirt,8,2.0,date,large
37.0,175.26,78.47148001000001,hourglass,34d+,gown,25,4.0,formal affair,small
43.0,167.64000000000001,67.13167076,athletic,36c,dress,12,4.0,formal affair,fit
32.0,172.72,58.9670081,straight & narrow,32b,dress,8,2.0,party,fit
29.0,160.02,58.9670081,athletic,34a,jumpsuit,8,4.0,vacation,small
54.0,170.18,61.23496995,athletic,36c,sheath,16,2.0,work,small
29.0,157.48000000000002,48.534383590000004,petite,32c,mini,4,2.0,party,large
36.0,162.56,52.61671492,apple,32d,shirt,4,2.0,party,large
28.0,154.94,47.62719885,,,dress,1,2.0,formal affair,large
20.0,160.02,48.534383590000004,straight & narrow,34b,dress,4,4.0,formal affair,small
37.0,167.64000000000001,68.0388555,straight & narrow,36c,shift,12,2.0,other,small
34.0,154.94,70.30681735,petite,38d,dress,14,4.0,party,small
62.0,157.48000000000002,61.23496995,full bust,38d,dress,20,4.0,other,fit
35.0,162.56,55.791861510000004,athletic,36b,maxi,4,4.0,party,fit
36.0,154.94,48.08079122,petite,34b,dress,1,4.0,other,large
28.0,162.56,49.895160700000005,petite,32ddd/e,sheath,1,4.0,other,small
28.0,162.56,63.502931800000006,full bust,34d,dress,12,2.0,wedding,fit
32.0,167.64000000000001,58.9670081,straight & narrow,34b,sheath,8,4.0,work,small
27.0,172.72,72.57477920000001,pear,36b,gown,17,4.0,formal affair,small
31.0,170.18,77.1107029,hourglass,38b,dress,14,2.0,other,fit
32.0,165.1,56.69904625,,34c,dress,8,4.0,formal affair,small
27.0,170.18,63.502931800000006,hourglass,34d,dress,8,4.0,date,fit
49.0,162.56,60.32778521,full bust,34d,dress,20,4.0,everyday,large
32.0,170.18,58.9670081,hourglass,34dd,top,8,4.0,everyday,small
27.0,160.02,77.1107029,full bust,38d,dress,28,4.0,formal affair,small
45.0,162.56,53.523899660000005,hourglass,34d,dress,4,4.0,work,fit
34.0,167.64000000000001,88.45051215000001,full bust,38d,dress,26,4.0,formal affair,small
39.0,172.72,63.502931800000006,hourglass,32ddd/e,top,12,4.0,everyday,small
28.0,177.8,72.57477920000001,hourglass,36c,dress,20,2.0,formal affair,fit
37.0,149.86,49.895160700000005,,,dress,8,4.0,formal affair,fit
49.0,167.64000000000001,65.77089365,,,shift,24,4.0,everyday,large
38.0,170.18,74.84274105,hourglass,36d,dress,20,4.0,party,small
36.0,175.26,81.6466266,full bust,36ddd/e,gown,24,4.0,formal affair,large
29.0,172.72,65.77089365,athletic,34c,dress,12,2.0,everyday,large
32.0,160.02,50.80234544,petite,32b,romper,8,4.0,party,small
34.0,172.72,70.30681735,hourglass,34d,shift,20,4.0,date,small
33.0,172.72,58.05982336,athletic,32b,pants,4,4.0,everyday,small
30.0,157.48000000000002,45.81282937,petite,32b,dress,1,4.0,wedding,large
58.0,157.48000000000002,52.163122550000004,petite,32d,dress,1,4.0,everyday,large
31.0,177.8,72.57477920000001,hourglass,36c,top,16,4.0,everyday,fit
32.0,162.56,58.9670081,hourglass,34dd,dress,14,2.0,date,fit
33.0,170.18,63.502931800000006,hourglass,34c,dress,16,2.0,wedding,fit
27.0,182.88,63.502931800000006,straight & narrow,34c,dress,12,4.0,party,small
47.0,162.56,68.0388555,hourglass,36c,dress,20,4.0,wedding,small
39.0,175.26,58.9670081,pear,36b,gown,13,4.0,formal affair,fit
39.0,170.18,61.23496995,straight & narrow,34a,dress,12,4.0,work,large
50.0,162.56,58.05982336,athletic,36dd,sheath,12,4.0,party,small
30.0,157.48000000000002,80.73944186,hourglass,34ddd/e,gown,11,4.0,formal affair,small
34.0,170.18,55.791861510000004,athletic,34d,dress,8,2.0,work,fit
38.0,167.64000000000001,63.502931800000006,athletic,36a,dress,20,4.0,date,fit
29.0,172.72,64.86370891,pear,34a,dress,14,4.0,everyday,fit
31.0,172.72,63.502931800000006,athletic,34c,shift,16,4.0,formal affair,small
34.0,157.48000000000002,53.523899660000005,petite,34b,shift,4,2.0,wedding,fit
29.0,165.1,54.4310844,straight & narrow,34a,shift,12,4.0,everyday,small
37.0,160.02,61.23496995,apple,36c,shift,20,4.0,everyday,small
36.0,165.1,68.0388555,apple,36d,dress,16,4.0,work,fit
39.0,172.72,79.37866475,hourglass,38b,shift,20,4.0,date,small
33.0,170.18,74.84274105,hourglass,36d,jumpsuit,20,4.0,party,fit
47.0,177.8,65.77089365,athletic,34d,dress,12,2.0,party,large
40.0,165.1,63.502931800000006,athletic,34d,dress,16,4.0,wedding,large
20.0,175.26,61.23496995,straight & narrow,34b,gown,13,2.0,formal affair,fit
34.0,162.56,63.502931800000006,hourglass,36c,vest,8,4.0,everyday,large
33.0,175.26,64.41011654,athletic,34c,dress,12,2.0,wedding,small
38.0,172.72,70.30681735,athletic,32dd,pants,24,4.0,everyday,fit
33.0,162.56,72.57477920000001,pear,34c,dress,24,4.0,party,fit
30.0,172.72,58.9670081,athletic,32b,culottes,8,4.0,work,large
31.0,177.8,61.23496995,pear,32d,gown,9,4.0,wedding,large
37.0,170.18,55.33826914,athletic,32dd,romper,8,4.0,everyday,small
35.0,160.02,45.359237,petite,32c,coat,1,4.0,everyday,large
33.0,157.48000000000002,79.37866475,full bust,38dd,shift,28,4.0,other,small
31.0,157.48000000000002,64.41011654,petite,36c,mini,20,4.0,party,small
47.0,172.72,61.23496995,athletic,32a,romper,14,2.0,party,large
28.0,152.4,58.9670081,hourglass,34dd,dress,12,4.0,other,small
33.0,162.56,49.895160700000005,hourglass,32b,dress,8,4.0,party,fit
45.0,172.72,65.77089365,athletic,34b,jumpsuit,17,2.0,party,large
26.0,160.02,49.895160700000005,petite,34b,dress,1,4.0,wedding,fit
49.0,167.64000000000001,51.255937810000006,straight & narrow,32d,gown,1,4.0,formal affair,small
32.0,157.48000000000002,52.163122550000004,petite,32b,sheath,4,4.0,wedding,fit
31.0,152.4,47.62719885,petite,32c,top,4,4.0,everyday,fit
35.0,172.72,65.77089365,hourglass,34d,gown,21,4.0,formal affair,large
35.0,154.94,72.57477920000001,hourglass,,dress,20,2.0,party,small
26.0,167.64000000000001,68.0388555,athletic,36b,dress,12,4.0,party,large
34.0,165.1,62.142154690000005,straight & narrow,32c,romper,12,4.0,everyday,fit
35.0,162.56,58.513415730000006,hourglass,32d,top,4,4.0,work,fit
35.0,162.56,58.9670081,full bust,,dress,16,4.0,wedding,large
39.0,175.26,58.9670081,hourglass,34c,sheath,4,4.0,everyday,large
34.0,170.18,77.1107029,hourglass,36d,gown,25,4.0,formal affair,fit
19.0,165.1,58.9670081,hourglass,32c,shift,8,4.0,party,fit
36.0,167.64000000000001,58.05982336,hourglass,34c,dress,8,4.0,wedding,large
61.0,177.8,77.1107029,athletic,38c,gown,25,4.0,wedding,fit
31.0,165.1,61.23496995,,,maxi,8,4.0,wedding,fit
40.0,160.02,81.6466266,full bust,36d,dress,16,2.0,party,large
39.0,170.18,68.0388555,athletic,32b,gown,16,4.0,wedding,small
34.0,167.64000000000001,68.0388555,full bust,34d,dress,16,4.0,wedding,fit
27.0,177.8,68.0388555,hourglass,34b,jumpsuit,16,4.0,party,small
38.0,170.18,58.9670081,hourglass,34b,gown,5,4.0,formal affair,large
58.0,170.18,66.67807839000001,hourglass,36d,gown,24,4.0,formal affair,small
40.0,160.02,52.163122550000004,petite,34b,dress,4,4.0,party,large
25.0,162.56,56.69904625,hourglass,34b,dress,8,2.0,formal affair,fit
52.0,170.18,60.32778521,pear,34d,dress,8,4.0,party,small
39.0,167.64000000000001,74.84274105,full bust,36d,jacket,20,4.0,work,small
33.0,162.56,56.69904625,hourglass,32d,dress,8,4.0,wedding,fit
27.0,162.56,61.23496995,athletic,32d,dress,12,4.0,wedding,small
25.0,162.56,50.80234544,straight & narrow,32b,gown,8,4.0,formal affair,small
36.0,160.02,49.895160700000005,hourglass,34b,dress,1,4.0,date,large
30.0,160.02,51.255937810000006,petite,32b,dress,4,4.0,other,large
28.0,162.56,74.84274105,full bust,36d,dress,20,4.0,wedding,small
31.0,167.64000000000001,65.77089365,hourglass,32b,gown,7,4.0,formal affair,large
29.0,162.56,57.152638620000005,hourglass,36c,dress,4,4.0,party,fit
39.0,162.56,54.4310844,hourglass,34d,gown,8,2.0,formal affair,large
24.0,167.64000000000001,58.9670081,hourglass,34c,jumpsuit,12,4.0,date,small
43.0,160.02,72.57477920000001,full bust,38d,dress,20,2.0,party,large
37.0,162.56,56.24545388,full bust,32dd,dress,8,4.0,party,large
33.0,160.02,68.0388555,hourglass,34d,gown,16,2.0,wedding,fit
25.0,157.48000000000002,48.98797596,petite,34b,blazer,1,4.0,everyday,large
42.0,170.18,52.163122550000004,straight & narrow,32c,jumpsuit,4,4.0,party,small
23.0,170.18,61.23496995,pear,34b,dress,4,2.0,formal affair,fit
31.0,175.26,68.0388555,athletic,36a,dress,16,2.0,wedding,large
31.0,167.64000000000001,58.9670081,pear,34b,dress,8,4.0,work,small
28.0,160.02,47.62719885,petite,34b,gown,1,4.0,wedding,large
33.0,160.02,52.163122550000004,petite,32c,dress,4,4.0,everyday,large
27.0,177.8,62.142154690000005,straight & narrow,34b,dress,4,4.0,work,fit
34.0,172.72,56.69904625,hourglass,32ddd/e,dress,8,4.0,party,fit
45.0,170.18,88.45051215000001,hourglass,38d,dress,24,2.0,wedding,fit
33.0,162.56,58.9670081,hourglass,34d,sheath,12,2.0,party,large
32.0,149.86,58.9670081,pear,34b,dress,8,4.0,wedding,small
41.0,177.8,74.84274105,hourglass,32d,dress,20,4.0,party,fit
44.0,160.02,62.59574706,athletic,36d,dress,14,4.0,party,large
30.0,157.48000000000002,80.73944186,hourglass,34ddd/e,dress,16,2.0,other,small
36.0,154.94,49.895160700000005,petite,32c,mini,1,4.0,date,large
20.0,149.86,43.09127515,petite,32a,dress,1,2.0,formal affair,large
34.0,172.72,65.77089365,athletic,34c,dress,14,4.0,everyday,large
30.0,165.1,79.37866475,hourglass,34d,dress,24,4.0,party,fit
34.0,165.1,52.163122550000004,athletic,34b,dress,4,4.0,formal affair,small
39.0,177.8,117.9340162,pear,42c,dress,28,4.0,formal affair,small
27.0,172.72,65.77089365,hourglass,36c,gown,17,4.0,wedding,large
33.0,177.8,79.37866475,full bust,36c,sheath,24,4.0,wedding,small
41.0,165.1,56.69904625,athletic,34b,dress,8,4.0,wedding,large
26.0,175.26,70.30681735,athletic,36c,gown,16,2.0,wedding,fit
56.0,170.18,68.0388555,full bust,36d,dress,12,4.0,formal affair,fit
33.0,165.1,65.77089365,hourglass,36c,shift,12,2.0,wedding,small
29.0,160.02,63.502931800000006,,34dd,gown,15,4.0,formal affair,large
42.0,162.56,56.69904625,athletic,32d,dress,8,4.0,date,small
26.0,165.1,54.4310844,,28a,sheath,4,2.0,other,fit
32.0,157.48000000000002,61.23496995,hourglass,34c,gown,8,4.0,formal affair,small
25.0,170.18,52.163122550000004,athletic,34a,gown,2,4.0,formal affair,large
33.0,170.18,70.30681735,hourglass,36d,top,20,4.0,everyday,large
34.0,170.18,65.77089365,athletic,34c,dress,16,4.0,work,fit
28.0,172.72,70.30681735,hourglass,,vest,8,4.0,everyday,small
27.0,170.18,55.791861510000004,athletic,32b,dress,1,4.0,formal affair,large
21.0,165.1,52.163122550000004,straight & narrow,32a,dress,1,4.0,party,large
50.0,170.18,63.502931800000006,full bust,34d,jumpsuit,20,4.0,vacation,small
30.0,172.72,63.502931800000006,athletic,36b,gown,13,4.0,wedding,fit
26.0,165.1,63.502931800000006,athletic,34d,dress,14,4.0,party,small
29.0,165.1,74.84274105,athletic,34d,dress,16,2.0,wedding,fit
40.0,165.1,83.91458845000001,pear,36c,romper,20,4.0,party,fit
54.0,170.18,61.23496995,athletic,36c,dress,8,4.0,other,small
41.0,177.8,77.1107029,pear,,dress,24,4.0,vacation,fit
34.0,170.18,61.23496995,athletic,34c,dress,12,4.0,wedding,fit
30.0,154.94,49.895160700000005,hourglass,32d,dress,3,2.0,wedding,large
38.0,165.1,58.9670081,hourglass,34d,mini,12,4.0,formal affair,small
45.0,157.48000000000002,65.77089365,hourglass,36d,coat,16,4.0,everyday,large
34.0,157.48000000000002,74.84274105,athletic,38c,skirt,20,4.0,everyday,large
30.0,162.56,58.9670081,hourglass,32c,duster,8,4.0,everyday,fit
58.0,172.72,53.523899660000005,straight & narrow,32c,top,8,4.0,everyday,fit
25.0,177.8,61.23496995,full bust,32d,dress,8,4.0,formal affair,large
42.0,167.64000000000001,53.523899660000005,straight & narrow,,jacket,4,4.0,everyday,large
27.0,157.48000000000002,52.163122550000004,petite,34b,dress,8,2.0,wedding,large
26.0,165.1,54.4310844,athletic,32b,dress,4,4.0,formal affair,small
37.0,162.56,53.97749203,straight & narrow,32c,romper,8,2.0,everyday,large
36.0,157.48000000000002,58.9670081,,34b,dress,4,2.0,everyday,large
34.0,162.56,61.68856232,pear,32d,dress,12,4.0,date,small
50.0,170.18,63.502931800000006,full bust,36dd,gown,16,4.0,party,small
42.0,167.64000000000001,55.791861510000004,pear,34b,dress,8,4.0,work,fit
23.0,160.02,56.69904625,hourglass,32d,dress,8,4.0,party,small
33.0,162.56,62.59574706,,34c,sheath,12,4.0,formal affair,fit
32.0,170.18,52.163122550000004,straight & narrow,34b,dress,8,4.0,party,large
30.0,157.48000000000002,46.266421740000006,petite,32c,dress,1,4.0,party,large
49.0,157.48000000000002,65.77089365,hourglass,32dd,jumpsuit,12,2.0,other,fit
30.0,157.48000000000002,52.163122550000004,athletic,34a,romper,1,4.0,everyday,fit
35.0,170.18,68.0388555,hourglass,34d,dress,20,4.0,everyday,fit
33.0,170.18,70.30681735,apple,36d,gown,15,2.0,wedding,fit
29.0,167.64000000000001,74.84274105,athletic,36c,shift,20,2.0,party,fit
35.0,167.64000000000001,58.9670081,athletic,34b,blazer,8,4.0,work,fit
29.0,162.56,58.9670081,hourglass,32dd,dress,8,4.0,date,fit
33.0,170.18,81.6466266,,,dress,20,4.0,party,fit
44.0,167.64000000000001,57.60623099,full bust,,sheath,12,2.0,everyday,small
32.0,175.26,55.791861510000004,straight & narrow,34a,dress,8,4.0,party,fit
31.0,157.48000000000002,47.62719885,athletic,34c,dress,1,4.0,wedding,large
37.0,170.18,62.59574706,hourglass,36c,gown,13,4.0,wedding,fit
36.0,172.72,73.48196394,pear,36c,gown,20,4.0,wedding,fit
46.0,160.02,54.4310844,petite,,gown,4,4.0,formal affair,fit
31.0,160.02,63.502931800000006,hourglass,34h,top,24,4.0,everyday,large
29.0,182.88,72.57477920000001,hourglass,34d,skirt,20,4.0,work,large
31.0,157.48000000000002,80.73944186,petite,38d,dress,28,2.0,wedding,small
29.0,152.4,49.44156833,petite,32d,sweater,4,4.0,everyday,fit
53.0,167.64000000000001,55.791861510000004,athletic,36a,dress,4,4.0,everyday,large
26.0,160.02,74.84274105,apple,36d,dress,20,2.0,wedding,small
39.0,167.64000000000001,74.84274105,full bust,36d,dress,20,4.0,everyday,small
29.0,154.94,49.895160700000005,petite,28c,jacket,8,4.0,everyday,fit
66.0,167.64000000000001,56.69904625,full bust,32d,gown,20,4.0,formal affair,large
33.0,165.1,60.32778521,,34d,dress,8,4.0,wedding,large
53.0,182.88,78.92507238,hourglass,34d,dress,24,4.0,everyday,small
29.0,144.78,49.895160700000005,petite,32d,mini,4,4.0,wedding,small
33.0,160.02,79.37866475,hourglass,36d,shirtdress,20,4.0,work,large
49.0,170.18,63.502931800000006,hourglass,28dd,top,14,4.0,everyday,fit
33.0,165.1,53.07030729,petite,32c,top,4,4.0,everyday,large
29.0,185.42,72.57477920000001,athletic,32d,sheath,16,4.0,work,small
29.0,152.4,41.73049804,petite,34b,dress,1,2.0,formal affair,small
47.0,177.8,70.30681735,full bust,36d,gown,17,2.0,formal affair,small
33.0,165.1,56.69904625,hourglass,32c,gown,8,4.0,formal affair,small
32.0,172.72,63.502931800000006,hourglass,32a,dress,16,4.0,party,small
30.0,167.64000000000001,61.23496995,athletic,36b,dress,12,4.0,wedding,fit
39.0,172.72,63.502931800000006,hourglass,32ddd/e,dress,12,4.0,formal affair,small
22.0,160.02,53.07030729,hourglass,,dress,1,2.0,formal affair,large
32.0,165.1,56.69904625,,34c,gown,12,4.0,formal affair,small
32.0,162.56,52.163122550000004,straight & narrow,32c,sheath,4,4.0,wedding,fit
37.0,165.1,68.0388555,pear,36a,dress,16,4.0,work,small
24.0,180.34,62.59574706,hourglass,34c,shirtdress,8,4.0,everyday,small
52.0,167.64000000000001,68.0388555,hourglass,36d+,skirt,20,4.0,party,fit
31.0,167.64000000000001,70.30681735,hourglass,36c,jumpsuit,20,4.0,work,large
34.0,157.48000000000002,50.80234544,petite,34c,gown,0,4.0,formal affair,large
29.0,160.02,70.30681735,,,dress,14,4.0,everyday,fit
29.0,160.02,52.61671492,pear,32c,sheath,4,4.0,party,fit
31.0,165.1,65.77089365,athletic,,dress,8,4.0,wedding,large
35.0,162.56,70.30681735,athletic,36b,gown,20,4.0,wedding,fit
31.0,165.1,61.23496995,hourglass,34c,gown,8,4.0,formal affair,large
36.0,165.1,56.69904625,,,jumpsuit,4,4.0,vacation,large
34.0,160.02,72.57477920000001,athletic,36c,gown,12,4.0,wedding,small
32.0,180.34,61.23496995,,,dress,8,4.0,party,fit
33.0,154.94,56.69904625,pear,34b,gown,8,4.0,formal affair,fit
24.0,175.26,61.23496995,hourglass,34d,dress,12,2.0,formal affair,large
31.0,180.34,68.0388555,pear,34c,sheath,20,4.0,party,fit
34.0,175.26,63.502931800000006,hourglass,32d,gown,13,4.0,wedding,fit
41.0,162.56,52.163122550000004,petite,34b,dress,4,4.0,work,small
27.0,160.02,56.69904625,petite,34b,dress,16,4.0,work,small
35.0,162.56,79.37866475,pear,36c,dress,24,2.0,formal affair,large
48.0,167.64000000000001,77.1107029,full bust,,dress,28,4.0,formal affair,small
29.0,157.48000000000002,52.163122550000004,petite,34b,top,4,4.0,everyday,large
29.0,162.56,61.23496995,hourglass,34c,dress,16,2.0,party,large
47.0,157.48000000000002,65.77089365,apple,36d,sweater,14,4.0,everyday,large
37.0,175.26,68.0388555,hourglass,34a,gown,20,4.0,wedding,small
32.0,149.86,43.544867520000004,petite,32c,dress,1,2.0,wedding,large
30.0,152.4,58.513415730000006,hourglass,32c,shirt,8,4.0,date,fit
32.0,154.94,53.07030729,petite,34b,dress,4,4.0,wedding,large
31.0,172.72,61.23496995,pear,32b,dress,20,2.0,everyday,small
27.0,175.26,65.77089365,full bust,36dd,jacket,20,2.0,date,small
30.0,175.26,74.84274105,full bust,36d,dress,24,4.0,other,small
32.0,167.64000000000001,68.0388555,athletic,36b,jumpsuit,12,4.0,party,large
32.0,147.32,43.09127515,petite,32a,dress,1,4.0,formal affair,small
30.0,175.26,58.9670081,full bust,32d,dress,1,2.0,wedding,large
29.0,170.18,56.69904625,hourglass,34d,sheath,4,4.0,formal affair,large
29.0,165.1,90.718474,,,gown,28,2.0,wedding,small
37.0,185.42,61.23496995,straight & narrow,36c,maxi,17,2.0,party,small
29.0,170.18,63.502931800000006,hourglass,34b,dress,12,4.0,wedding,fit
52.0,170.18,66.67807839000001,hourglass,36c,maxi,16,2.0,party,small
34.0,167.64000000000001,68.0388555,full bust,34d,dress,24,4.0,date,large
41.0,167.64000000000001,70.30681735,full bust,36d,dress,12,2.0,wedding,large
31.0,152.4,47.62719885,petite,32c,pants,4,2.0,everyday,large
30.0,160.02,48.98797596,petite,34d,romper,1,4.0,party,large
34.0,154.94,48.08079122,petite,32d,dress,4,4.0,vacation,large
32.0,175.26,63.502931800000006,athletic,34b,romper,8,4.0,everyday,small
45.0,172.72,61.23496995,hourglass,32c,gown,9,4.0,vacation,small
19.0,157.48000000000002,65.77089365,athletic,34d,sheath,14,2.0,party,small
24.0,170.18,65.77089365,athletic,32c,dress,8,4.0,work,small
38.0,170.18,56.69904625,straight & narrow,34dd,dress,4,4.0,everyday,small
43.0,162.56,53.523899660000005,straight & narrow,32a,romper,4,2.0,everyday,fit
34.0,152.4,45.359237,petite,34b,dress,1,4.0,work,small
43.0,160.02,70.30681735,full bust,34d,dress,20,4.0,date,small
29.0,157.48000000000002,52.163122550000004,petite,34b,shift,4,4.0,date,fit
33.0,160.02,51.255937810000006,petite,34b,dress,4,2.0,party,large
34.0,172.72,49.895160700000005,straight & narrow,32a,dress,4,2.0,party,fit
35.0,160.02,48.98797596,petite,34a,sheath,4,2.0,formal affair,fit
37.0,157.48000000000002,52.163122550000004,hourglass,34b,dress,1,4.0,wedding,small
31.0,152.4,47.62719885,petite,32c,pant,4,2.0,everyday,large
32.0,154.94,63.502931800000006,hourglass,36c,jacket,20,4.0,other,small
36.0,162.56,58.9670081,petite,34c,dress,12,4.0,work,fit
33.0,175.26,74.84274105,pear,36c,shift,24,2.0,party,small
30.0,162.56,60.781377580000004,pear,32d,dress,16,2.0,party,small
44.0,170.18,49.895160700000005,straight & narrow,32d,dress,1,4.0,party,small
28.0,162.56,64.41011654,athletic,,top,14,2.0,formal affair,fit
31.0,167.64000000000001,61.23496995,,,dress,12,4.0,other,small
23.0,165.1,75.29633342000001,hourglass,34dd,gown,16,4.0,formal affair,small
43.0,154.94,52.163122550000004,petite,32a,dress,8,2.0,party,fit
31.0,160.02,56.69904625,hourglass,34c,dress,12,4.0,party,small
43.0,170.18,66.22448602,pear,34b,dress,14,4.0,vacation,fit
30.0,162.56,72.57477920000001,full bust,38d,dress,24,2.0,formal affair,small
29.0,170.18,58.9670081,straight & narrow,34b,dress,4,4.0,work,fit
27.0,162.56,54.4310844,hourglass,34d,sweater,8,4.0,everyday,fit
27.0,170.18,65.77089365,athletic,34b,top,16,4.0,work,fit
32.0,170.18,83.91458845000001,hourglass,36d+,dress,20,2.0,everyday,large
41.0,170.18,70.76040972,athletic,36c,gown,24,4.0,formal affair,fit
36.0,162.56,55.33826914,hourglass,34c,dress,12,4.0,everyday,large
33.0,170.18,59.874192840000006,athletic,34a,dress,16,4.0,wedding,small
50.0,175.26,70.30681735,athletic,36c,top,16,4.0,everyday,fit
39.0,167.64000000000001,58.9670081,hourglass,36c,dress,12,2.0,other,small
64.0,172.72,70.30681735,athletic,38b,sheath,20,2.0,wedding,small
33.0,154.94,57.152638620000005,athletic,34a,dress,14,2.0,wedding,large
46.0,165.1,58.9670081,pear,34b,gown,12,2.0,party,fit
36.0,167.64000000000001,52.163122550000004,straight & narrow,34d,dress,12,4.0,other,fit
35.0,170.18,65.77089365,hourglass,36c,romper,14,4.0,everyday,small
57.0,170.18,57.152638620000005,athletic,34a,gown,4,4.0,formal affair,large
37.0,172.72,60.781377580000004,straight & narrow,34c,gown,9,2.0,wedding,large
43.0,180.34,63.502931800000006,hourglass,36b,shirtdress,16,4.0,everyday,small
33.0,167.64000000000001,58.9670081,pear,34b,dress,12,4.0,everyday,small
35.0,175.26,63.502931800000006,,,dress,12,4.0,wedding,small
44.0,172.72,58.9670081,hourglass,,jumpsuit,4,2.0,other,small
34.0,170.18,74.84274105,athletic,36c,dress,16,4.0,party,small
31.0,162.56,61.23496995,athletic,34b,dress,8,4.0,work,small
33.0,172.72,61.23496995,athletic,34b,jumpsuit,9,4.0,wedding,fit
46.0,175.26,74.84274105,pear,36b,dress,24,4.0,work,small
40.0,170.18,58.9670081,full bust,34d,maxi,14,4.0,everyday,large
32.0,175.26,49.895160700000005,straight & narrow,32d,dress,1,4.0,party,fit
27.0,177.8,63.502931800000006,athletic,34b,dress,8,4.0,date,fit
28.0,154.94,58.05982336,hourglass,,dress,12,4.0,wedding,fit
38.0,160.02,56.69904625,hourglass,34b,tunic,4,4.0,other,large
37.0,160.02,56.69904625,,,top,8,4.0,party,small
65.0,157.48000000000002,55.791861510000004,full bust,36c,dress,16,2.0,party,fit
37.0,157.48000000000002,53.07030729,athletic,34a,blouse,8,2.0,work,large
44.0,165.1,56.24545388,hourglass,32c,sheath,8,4.0,date,large
28.0,167.64000000000001,61.23496995,pear,32a,sheath,12,4.0,other,large
36.0,170.18,65.77089365,,34c,dress,12,4.0,party,fit
47.0,172.72,56.69904625,full bust,32d,suit,8,2.0,other,fit
36.0,160.02,79.37866475,full bust,36ddd/e,gown,23,4.0,wedding,small
30.0,175.26,65.77089365,pear,34c,dress,16,4.0,wedding,small
32.0,172.72,70.30681735,pear,34c,gown,20,4.0,wedding,small
50.0,160.02,61.23496995,full bust,34d,dress,8,2.0,other,small
41.0,175.26,70.30681735,athletic,34b,sheath,16,2.0,wedding,small
30.0,175.26,72.57477920000001,apple,34c,dress,24,4.0,wedding,fit
45.0,157.48000000000002,53.07030729,hourglass,34c,gown,8,2.0,wedding,large
36.0,154.94,62.59574706,pear,36a,dress,8,4.0,wedding,fit
33.0,172.72,65.31730128000001,athletic,34c,top,12,4.0,work,fit
31.0,162.56,61.23496995,athletic,36b,dress,8,4.0,everyday,fit
32.0,172.72,61.23496995,pear,32c,shift,8,4.0,formal affair,small
25.0,165.1,56.69904625,,34c,sheath,8,4.0,wedding,small
43.0,157.48000000000002,52.163122550000004,petite,32a,maxi,8,4.0,vacation,large
26.0,170.18,72.57477920000001,athletic,34b,top,16,2.0,party,small
30.0,175.26,61.23496995,straight & narrow,34a,gown,5,2.0,formal affair,large
29.0,165.1,49.895160700000005,straight & narrow,32a,gown,1,4.0,formal affair,large
34.0,175.26,65.77089365,hourglass,32d,sheath,12,4.0,party,small
30.0,162.56,47.62719885,,,dress,4,4.0,everyday,large
37.0,175.26,71.66759446,,,top,20,4.0,everyday,small
29.0,167.64000000000001,61.23496995,hourglass,34dd,dress,14,4.0,everyday,small
39.0,167.64000000000001,49.895160700000005,petite,32c,top,1,4.0,work,large
26.0,172.72,68.0388555,hourglass,34c,dress,8,4.0,wedding,large
31.0,160.02,61.23496995,petite,34d,dress,8,2.0,vacation,small
42.0,157.48000000000002,54.4310844,athletic,32d,sheath,4,4.0,party,fit
47.0,175.26,74.84274105,hourglass,34dd,top,20,4.0,everyday,fit
32.0,167.64000000000001,61.23496995,athletic,36b,dress,14,4.0,vacation,large
34.0,167.64000000000001,58.9670081,pear,34c,gown,12,4.0,wedding,fit
38.0,165.1,50.80234544,straight & narrow,34b,dress,4,4.0,formal affair,small
29.0,167.64000000000001,61.23496995,athletic,32a,shift,4,4.0,wedding,small
51.0,157.48000000000002,58.9670081,petite,32d,top,14,4.0,everyday,small
30.0,177.8,63.502931800000006,hourglass,34d,sheath,14,4.0,wedding,fit
37.0,154.94,64.86370891,pear,34b,dress,16,4.0,wedding,fit
29.0,162.56,56.69904625,hourglass,,dress,4,4.0,other,large
30.0,162.56,47.62719885,athletic,32a,dress,1,2.0,wedding,small
37.0,170.18,61.23496995,athletic,32b,sheath,8,4.0,work,small
35.0,160.02,65.77089365,apple,34c,dress,8,2.0,party,fit
32.0,170.18,53.523899660000005,petite,34d,blazer,4,4.0,work,fit
50.0,165.1,61.23496995,athletic,34a,top,12,4.0,party,small
36.0,162.56,63.95652417,athletic,34c,tank,8,4.0,party,fit
27.0,165.1,74.84274105,hourglass,38c,dress,24,4.0,wedding,small
26.0,167.64000000000001,63.502931800000006,full bust,32d,dress,20,4.0,everyday,small
28.0,157.48000000000002,65.77089365,hourglass,34d,dress,12,4.0,everyday,small
29.0,157.48000000000002,52.163122550000004,petite,34b,dress,8,2.0,everyday,large
42.0,180.34,63.04933943,hourglass,34c,gown,17,2.0,formal affair,fit
49.0,165.1,63.502931800000006,pear,34b,dress,8,4.0,wedding,fit
35.0,170.18,68.0388555,hourglass,34c,dress,12,4.0,work,small
29.0,182.88,68.0388555,athletic,34b,gown,13,4.0,formal affair,small
30.0,180.34,72.57477920000001,athletic,36d,gown,26,4.0,formal affair,small
41.0,162.56,70.30681735,,,gown,20,4.0,wedding,small
48.0,160.02,74.84274105,full bust,38d,gown,28,4.0,formal affair,fit
49.0,162.56,58.9670081,pear,34c,dress,12,4.0,formal affair,small
38.0,162.56,49.895160700000005,petite,,gown,1,2.0,formal affair,large
31.0,157.48000000000002,63.502931800000006,pear,32d,gown,12,4.0,formal affair,small
32.0,162.56,72.57477920000001,full bust,38d,dress,24,4.0,wedding,fit
34.0,157.48000000000002,47.62719885,petite,32b,dress,1,4.0,work,large
50.0,162.56,61.68856232,hourglass,34b,gown,12,4.0,party,fit
32.0,167.64000000000001,77.1107029,full bust,36c,gown,17,2.0,wedding,small
32.0,167.64000000000001,53.07030729,athletic,32c,dress,1,2.0,wedding,large
25.0,170.18,56.69904625,athletic,34c,sheath,8,4.0,formal affair,fit
31.0,175.26,86.1825503,pear,36c,dress,28,4.0,party,small
36.0,172.72,79.37866475,hourglass,36d,dress,20,4.0,work,large
36.0,167.64000000000001,61.23496995,full bust,36d,jumpsuit,16,4.0,date,fit
31.0,162.56,68.0388555,hourglass,34c,shift,24,4.0,wedding,fit
28.0,170.18,70.30681735,athletic,34c,mini,20,4.0,party,small
35.0,162.56,81.6466266,hourglass,38c,dress,20,2.0,party,fit
31.0,175.26,65.77089365,athletic,34b,sheath,16,4.0,party,small
27.0,160.02,77.1107029,full bust,38d,dress,20,2.0,wedding,small
32.0,160.02,56.69904625,athletic,34b,dress,12,4.0,other,fit
28.0,162.56,72.57477920000001,athletic,34c,dress,14,4.0,party,fit
32.0,165.1,61.23496995,hourglass,34c,dress,12,4.0,other,small
29.0,160.02,58.9670081,petite,,gown,8,2.0,formal affair,fit
38.0,165.1,51.255937810000006,athletic,34b,dress,8,4.0,party,small
31.0,170.18,63.502931800000006,athletic,32d,dress,4,2.0,party,large
34.0,167.64000000000001,58.9670081,,,gown,8,4.0,formal affair,fit
22.0,157.48000000000002,58.9670081,hourglass,34b,dress,8,4.0,wedding,small
38.0,162.56,54.4310844,straight & narrow,32b,dress,8,4.0,vacation,small
26.0,157.48000000000002,54.4310844,petite,34b,dress,12,4.0,work,large
31.0,157.48000000000002,58.9670081,hourglass,32c,dress,16,2.0,date,small
29.0,160.02,63.502931800000006,pear,34a,dress,12,2.0,wedding,small
31.0,154.94,47.173606480000004,petite,32b,dress,4,4.0,party,large
37.0,172.72,68.0388555,hourglass,,gown,16,4.0,wedding,fit
48.0,165.1,58.9670081,straight & narrow,36c,dress,12,4.0,wedding,fit
29.0,170.18,61.23496995,apple,34c,gown,12,4.0,formal affair,fit
45.0,170.18,61.23496995,athletic,36a,dress,16,4.0,party,small
39.0,165.1,68.0388555,athletic,32ddd/e,dress,20,4.0,wedding,small
59.0,157.48000000000002,58.513415730000006,hourglass,32d+,sheath,20,4.0,wedding,small
48.0,172.72,65.77089365,apple,36c,dress,16,4.0,work,small
31.0,160.02,58.9670081,athletic,34b,dress,4,4.0,party,large
33.0,162.56,64.86370891,full bust,36d,dress,8,4.0,wedding,large
32.0,157.48000000000002,49.895160700000005,petite,32a,dress,1,4.0,party,large
41.0,167.64000000000001,52.163122550000004,athletic,34a,dress,4,2.0,other,fit
30.0,172.72,68.0388555,hourglass,34b,jeans,20,4.0,everyday,large
48.0,162.56,55.33826914,full bust,34d,dress,12,4.0,party,large
45.0,167.64000000000001,66.22448602,hourglass,34d,gown,16,4.0,wedding,large
31.0,162.56,58.9670081,athletic,32a,skirt,4,4.0,everyday,fit
31.0,160.02,54.4310844,petite,34c,dress,8,4.0,party,small
39.0,165.1,79.37866475,full bust,36d,gown,20,4.0,wedding,small
35.0,162.56,81.6466266,hourglass,38c,gown,28,2.0,formal affair,large
30.0,182.88,74.84274105,,,dress,20,2.0,wedding,small
29.0,165.1,61.23496995,athletic,34c,tight,8,4.0,everyday,small
30.0,160.02,52.163122550000004,petite,32c,dress,4,2.0,wedding,small
58.0,172.72,53.523899660000005,straight & narrow,32c,top,4,4.0,date,large
32.0,165.1,70.30681735,full bust,34d,dress,20,4.0,other,fit
31.0,167.64000000000001,58.9670081,hourglass,36b,shift,4,2.0,other,large
25.0,157.48000000000002,52.163122550000004,petite,32c,gown,0,4.0,formal affair,large
39.0,162.56,54.4310844,petite,32b,jumpsuit,4,2.0,party,small
36.0,167.64000000000001,57.60623099,hourglass,36c,dress,8,2.0,other,large
29.0,172.72,58.9670081,straight & narrow,34b,gown,8,4.0,formal affair,large
51.0,160.02,54.4310844,athletic,36b,gown,8,4.0,formal affair,fit
57.0,162.56,62.59574706,pear,34b,gown,16,2.0,formal affair,large
20.0,139.7,58.9670081,athletic,32aa,sheath,4,2.0,formal affair,large
21.0,160.02,53.07030729,hourglass,32a,dress,1,4.0,formal affair,large
48.0,170.18,61.23496995,pear,34b,gown,8,2.0,formal affair,fit
51.0,165.1,53.97749203,full bust,,gown,8,4.0,formal affair,fit
28.0,152.4,45.359237,petite,32a,gown,1,4.0,formal affair,large
37.0,167.64000000000001,70.30681735,hourglass,36c,dress,12,4.0,wedding,fit
42.0,170.18,68.0388555,straight & narrow,36a,dress,14,4.0,date,large
33.0,157.48000000000002,56.69904625,petite,34b,shift,4,4.0,party,fit
33.0,170.18,68.0388555,pear,34d,gown,13,4.0,formal affair,large
32.0,172.72,54.4310844,straight & narrow,34a,dress,4,2.0,other,small
22.0,160.02,58.9670081,pear,32b,gown,12,2.0,formal affair,fit
27.0,152.4,56.69904625,petite,32d,dress,7,4.0,wedding,small
27.0,160.02,56.69904625,petite,34b,skirt,4,4.0,work,large
41.0,175.26,90.718474,hourglass,38c,dress,28,4.0,party,fit
36.0,162.56,61.23496995,athletic,34b,sheath,8,2.0,wedding,small
29.0,160.02,49.895160700000005,petite,32b,sheath,1,2.0,wedding,large
35.0,175.26,61.23496995,athletic,34c,gown,9,4.0,wedding,small
39.0,172.72,63.502931800000006,hourglass,32ddd/e,dress,12,4.0,formal affair,fit
27.0,170.18,49.895160700000005,athletic,32a,sheath,1,4.0,party,fit
30.0,160.02,58.9670081,petite,34b,dress,12,4.0,everyday,fit
29.0,162.56,55.33826914,hourglass,32c,dress,4,4.0,formal affair,large
33.0,170.18,59.874192840000006,athletic,34b,dress,4,4.0,party,large
31.0,162.56,56.69904625,pear,34a,gown,3,4.0,formal affair,fit
26.0,165.1,56.69904625,,,skirt,4,4.0,everyday,large
26.0,160.02,72.57477920000001,full bust,36d,dress,20,4.0,other,fit
18.0,165.1,54.4310844,athletic,34b,jumpsuit,4,4.0,formal affair,fit
38.0,157.48000000000002,47.62719885,petite,32b,shift,1,4.0,other,large
31.0,172.72,55.33826914,hourglass,34c,dress,8,4.0,party,fit
37.0,157.48000000000002,50.34875307,petite,32d,culottes,8,4.0,everyday,small
31.0,160.02,55.33826914,athletic,34c,skirt,8,4.0,everyday,large
38.0,160.02,63.04933943,hourglass,34c,dress,14,4.0,everyday,fit
36.0,157.48000000000002,52.163122550000004,petite,34b,top,8,4.0,party,large
32.0,165.1,54.4310844,full bust,32d,dress,8,2.0,formal affair,small
39.0,172.72,68.0388555,athletic,34c,gown,16,2.0,formal affair,large
32.0,154.94,61.23496995,petite,36c,dress,12,4.0,everyday,small
41.0,172.72,58.9670081,athletic,34b,dress,8,4.0,everyday,small
22.0,182.88,77.1107029,athletic,36d,blouse,16,4.0,everyday,small
51.0,160.02,61.23496995,hourglass,32b,dress,12,2.0,work,large
20.0,152.4,57.152638620000005,hourglass,36b,gown,7,2.0,formal affair,fit
32.0,160.02,72.57477920000001,hourglass,34b,dress,24,4.0,party,small
31.0,162.56,61.23496995,hourglass,34d,coat,14,4.0,everyday,large
36.0,162.56,54.4310844,hourglass,34c,dress,4,2.0,everyday,small
30.0,162.56,56.69904625,straight & narrow,34c,dress,4,2.0,wedding,small
39.0,165.1,63.502931800000006,athletic,36b,dress,14,4.0,everyday,fit
35.0,162.56,56.69904625,athletic,34b,jumpsuit,8,4.0,other,large
31.0,165.1,61.23496995,athletic,34b,dress,4,4.0,everyday,large
27.0,165.1,72.57477920000001,athletic,36d,jumpsuit,20,4.0,party,small
41.0,152.4,54.4310844,hourglass,34b,gown,4,4.0,formal affair,small
43.0,175.26,65.77089365,hourglass,36c,dress,16,2.0,formal affair,fit
54.0,165.1,55.33826914,athletic,34a,jacket,8,2.0,work,small
27.0,162.56,52.163122550000004,petite,,pants,4,4.0,work,large
28.0,170.18,63.502931800000006,hourglass,32d,dress,14,4.0,other,fit
32.0,149.86,43.544867520000004,petite,32c,dress,1,2.0,wedding,large
34.0,152.4,58.9670081,athletic,32dd,dress,8,4.0,work,fit
44.0,165.1,72.57477920000001,apple,38d+,gown,28,2.0,party,fit
42.0,160.02,53.523899660000005,athletic,36b,tunic,4,4.0,vacation,large
29.0,160.02,88.45051215000001,full bust,38d,gown,28,2.0,wedding,small
37.0,157.48000000000002,61.23496995,athletic,34c,dress,8,2.0,formal affair,fit
32.0,165.1,54.4310844,athletic,32a,dress,4,4.0,party,small
59.0,162.56,72.57477920000001,apple,36b,gown,24,4.0,formal affair,fit
41.0,165.1,58.9670081,pear,34b,top,8,4.0,party,small
20.0,172.72,58.513415730000006,hourglass,34d,dress,14,4.0,formal affair,large
45.0,167.64000000000001,61.23496995,athletic,34b,shift,8,2.0,party,large
35.0,172.72,76.20351816,hourglass,36b,dress,24,4.0,wedding,fit
30.0,170.18,58.9670081,athletic,32b,sheath,1,4.0,party,fit
55.0,170.18,63.502931800000006,straight & narrow,36c,blouse,20,2.0,work,small
31.0,170.18,61.23496995,athletic,36b,dress,16,4.0,other,small
50.0,167.64000000000001,58.9670081,hourglass,34c,top,8,4.0,everyday,large
41.0,165.1,56.69904625,athletic,34b,sheath,8,4.0,formal affair,fit
29.0,170.18,58.05982336,athletic,32d+,dress,8,4.0,party,fit
32.0,154.94,43.99845989,petite,34c,mini,1,4.0,wedding,fit
40.0,162.56,61.23496995,athletic,36b,gown,16,4.0,formal affair,small
38.0,167.64000000000001,70.76040972,pear,38c,top,16,4.0,work,fit
46.0,160.02,52.163122550000004,petite,34b,shift,1,4.0,work,small
31.0,152.4,47.62719885,petite,32c,jacket,1,4.0,everyday,large
39.0,167.64000000000001,52.163122550000004,hourglass,32b,dress,1,2.0,party,small
34.0,162.56,54.4310844,athletic,36a,dress,8,4.0,party,small
28.0,157.48000000000002,49.895160700000005,straight & narrow,32a,dress,1,4.0,wedding,large
29.0,170.18,58.9670081,straight & narrow,34b,maxi,4,4.0,everyday,large
37.0,154.94,45.81282937,petite,32c,dress,1,4.0,vacation,large
38.0,165.1,63.502931800000006,hourglass,34dd,dress,8,4.0,everyday,small
41.0,165.1,68.0388555,apple,38b,romper,20,4.0,date,small
20.0,177.8,68.0388555,straight & narrow,36c,dress,14,2.0,date,small
29.0,160.02,70.30681735,athletic,34d,dress,12,4.0,work,small
40.0,167.64000000000001,49.895160700000005,athletic,32c,dress,4,4.0,everyday,small
29.0,157.48000000000002,48.534383590000004,petite,32c,dress,1,2.0,everyday,large
30.0,177.8,56.69904625,straight & narrow,34a,romper,4,4.0,party,fit
31.0,157.48000000000002,49.895160700000005,hourglass,32d,dress,8,4.0,date,small
29.0,167.64000000000001,64.86370891,athletic,34b,sheath,8,2.0,wedding,fit
27.0,162.56,58.9670081,full bust,32d+,romper,8,2.0,other,small
30.0,177.8,79.37866475,hourglass,36dd,sheath,20,4.0,wedding,small
50.0,165.1,61.23496995,athletic,34a,sheath,16,2.0,other,fit
29.0,162.56,62.59574706,full bust,36d,dress,16,2.0,everyday,small
47.0,154.94,65.77089365,athletic,36c,dress,16,2.0,everyday,large
48.0,172.72,65.77089365,hourglass,34d,blazer,16,4.0,work,large
44.0,162.56,54.4310844,petite,32a,turtleneck,8,4.0,everyday,fit
31.0,165.1,63.502931800000006,pear,34c,gown,9,4.0,formal affair,large
30.0,160.02,56.69904625,petite,32d,dress,4,4.0,work,large
53.0,162.56,73.93555631000001,petite,38d,gown,28,4.0,formal affair,small
37.0,170.18,92.98643585,hourglass,38d,dress,20,4.0,wedding,small
42.0,154.94,56.69904625,petite,34b,gown,15,2.0,formal affair,large
32.0,160.02,56.69904625,hourglass,,dress,8,4.0,formal affair,large
33.0,170.18,78.47148001000001,athletic,36d,romper,20,4.0,party,small
32.0,149.86,58.9670081,pear,34b,shift,4,4.0,work,small
33.0,157.48000000000002,43.09127515,petite,32a,dress,1,4.0,other,large
35.0,160.02,65.77089365,hourglass,36d,dress,16,2.0,party,large
36.0,165.1,68.0388555,hourglass,36d,sheath,14,4.0,everyday,fit
34.0,154.94,61.23496995,petite,34b,dress,12,2.0,wedding,small
26.0,165.1,63.502931800000006,hourglass,34d,jumpsuit,14,2.0,party,large
32.0,167.64000000000001,56.69904625,pear,34b,dress,12,4.0,party,fit
37.0,162.56,61.23496995,full bust,34d,dress,8,4.0,everyday,large
28.0,167.64000000000001,59.874192840000006,athletic,,gown,12,4.0,formal affair,small
45.0,175.26,63.502931800000006,pear,34d+,dress,16,4.0,wedding,large
28.0,172.72,54.4310844,pear,32c,dress,4,4.0,party,fit
36.0,157.48000000000002,45.359237,petite,32d,dress,1,4.0,date,large
38.0,165.1,56.69904625,hourglass,32dd,gown,8,4.0,party,fit
45.0,165.1,72.57477920000001,hourglass,36dd,dress,20,4.0,date,small
29.0,162.56,70.30681735,hourglass,34d,dress,14,4.0,everyday,fit
29.0,162.56,49.895160700000005,,32b,dress,1,2.0,wedding,large
38.0,167.64000000000001,53.07030729,athletic,34a,dress,4,4.0,party,fit
39.0,165.1,65.77089365,hourglass,36b,dress,20,4.0,work,large
30.0,182.88,83.91458845000001,pear,36c,sheath,24,4.0,party,small
28.0,175.26,70.30681735,athletic,34c,gown,16,2.0,formal affair,fit
38.0,167.64000000000001,74.38914868,hourglass,38d,gown,20,2.0,formal affair,small
33.0,167.64000000000001,65.77089365,pear,36a,dress,12,4.0,wedding,large
36.0,167.64000000000001,53.07030729,hourglass,32c,top,8,4.0,everyday,large
30.0,162.56,54.4310844,full bust,32d,sheath,1,2.0,other,large
32.0,152.4,52.163122550000004,petite,34b,dress,8,2.0,wedding,large
34.0,177.8,72.57477920000001,hourglass,32g,dress,16,4.0,wedding,small
34.0,167.64000000000001,63.502931800000006,straight & narrow,34a,dress,12,4.0,wedding,small
25.0,157.48000000000002,45.359237,petite,32b,dress,1,4.0,formal affair,small
31.0,165.1,54.4310844,athletic,32b,dress,12,2.0,other,fit
35.0,167.64000000000001,62.59574706,hourglass,32b,gown,12,4.0,wedding,fit
43.0,157.48000000000002,54.4310844,petite,32c,tank,4,4.0,everyday,fit
31.0,175.26,61.23496995,straight & narrow,34b,shift,14,4.0,everyday,fit
32.0,157.48000000000002,52.163122550000004,petite,32d,gown,8,4.0,formal affair,small
39.0,167.64000000000001,58.9670081,athletic,34b,dress,8,2.0,formal affair,small
27.0,165.1,77.1107029,athletic,36dd,shift,16,4.0,party,small
34.0,157.48000000000002,56.69904625,petite,34b,mini,12,4.0,party,small
32.0,165.1,56.69904625,athletic,34c,dress,16,4.0,work,small
28.0,170.18,68.0388555,hourglass,36b,dress,12,4.0,work,small
34.0,157.48000000000002,95.2543977,apple,38d,dress,28,2.0,party,large
35.0,160.02,59.874192840000006,hourglass,36d,dress,12,4.0,other,large
63.0,170.18,58.9670081,full bust,36d,dress,20,2.0,everyday,small
32.0,170.18,79.37866475,hourglass,36d,shirtdress,24,4.0,vacation,small
28.0,152.4,43.99845989,petite,32d,dress,4,4.0,wedding,large
41.0,165.1,79.37866475,pear,38b,gown,25,2.0,formal affair,fit
42.0,167.64000000000001,61.23496995,athletic,34a,dress,8,4.0,work,small
33.0,157.48000000000002,61.23496995,hourglass,34d,maxi,16,4.0,party,small
22.0,170.18,58.9670081,,34c,dress,4,2.0,formal affair,large
28.0,152.4,47.62719885,petite,32b,dress,1,4.0,party,fit
38.0,162.56,56.69904625,petite,,dress,8,2.0,formal affair,small
31.0,162.56,61.23496995,athletic,34b,dress,4,4.0,work,fit
25.0,162.56,70.30681735,hourglass,32dd,dress,8,4.0,wedding,fit
37.0,160.02,68.0388555,full bust,34d+,gown,16,2.0,formal affair,fit
49.0,175.26,61.23496995,hourglass,34c,sheath,8,4.0,vacation,small
28.0,172.72,56.69904625,athletic,36c,sweater,8,4.0,date,small
35.0,177.8,68.0388555,apple,36d,jumpsuit,13,2.0,wedding,fit
45.0,167.64000000000001,58.9670081,athletic,36b,gown,12,4.0,formal affair,fit
38.0,162.56,56.69904625,pear,32b,dress,4,4.0,other,fit
32.0,165.1,63.502931800000006,full bust,32d,gown,16,4.0,party,large
32.0,167.64000000000001,65.77089365,pear,36a,gown,12,4.0,wedding,large
32.0,167.64000000000001,54.4310844,hourglass,32c,dress,12,2.0,party,large
56.0,154.94,62.59574706,hourglass,36d,top,16,4.0,date,fit
35.0,170.18,68.0388555,athletic,34d,dress,12,2.0,wedding,small
37.0,160.02,61.23496995,hourglass,34b,dress,8,2.0,work,fit
41.0,172.72,80.73944186,apple,36d,gown,28,4.0,formal affair,large
35.0,172.72,61.23496995,straight & narrow,34b,tunic,8,4.0,party,large
19.0,160.02,47.62719885,petite,34a,dress,1,4.0,formal affair,fit
30.0,170.18,58.05982336,hourglass,34b,sheath,4,2.0,formal affair,fit
47.0,167.64000000000001,61.68856232,athletic,34d,sheath,12,4.0,date,large
31.0,175.26,68.0388555,athletic,36b,romper,16,2.0,formal affair,small
37.0,157.48000000000002,57.60623099,apple,36b,gown,16,4.0,formal affair,small
27.0,172.72,65.77089365,hourglass,34c,top,8,4.0,party,small
37.0,165.1,54.4310844,athletic,34c,dress,1,4.0,other,fit
44.0,165.1,63.502931800000006,pear,34a,jumpsuit,4,2.0,date,small
32.0,165.1,61.68856232,pear,34c,dress,12,4.0,other,large
49.0,170.18,63.502931800000006,hourglass,28dd,dress,14,4.0,work,small
37.0,170.18,81.6466266,hourglass,38c,shift,24,2.0,formal affair,small
23.0,162.56,56.69904625,straight & narrow,34b,dress,8,4.0,everyday,large
37.0,162.56,54.4310844,petite,34c,jumpsuit,14,4.0,party,small
30.0,172.72,63.502931800000006,athletic,34b,gown,13,2.0,formal affair,small
33.0,177.8,70.30681735,pear,36b,dress,16,4.0,everyday,small
40.0,165.1,68.0388555,pear,36d,jacket,14,4.0,everyday,fit
65.0,165.1,57.60623099,athletic,34c,dress,8,4.0,party,large
36.0,167.64000000000001,63.502931800000006,athletic,32b,gown,12,4.0,formal affair,fit
50.0,157.48000000000002,70.30681735,hourglass,36dd,gown,13,4.0,party,small
31.0,162.56,68.0388555,athletic,34b,dress,12,4.0,other,small
34.0,160.02,56.69904625,pear,34d,dress,16,4.0,formal affair,fit
41.0,162.56,54.4310844,athletic,34c,gown,8,4.0,wedding,fit
42.0,167.64000000000001,63.502931800000006,hourglass,36c,gown,13,4.0,wedding,fit
39.0,172.72,58.9670081,straight & narrow,34a,tank,8,4.0,everyday,small
30.0,152.4,58.513415730000006,hourglass,32c,dress,8,4.0,party,small
29.0,157.48000000000002,58.9670081,hourglass,34ddd/e,gown,11,2.0,formal affair,large
48.0,172.72,61.23496995,athletic,36b,sheath,12,4.0,work,fit
27.0,160.02,49.895160700000005,petite,32d,dress,4,4.0,wedding,small
34.0,165.1,65.77089365,hourglass,38d,dress,12,2.0,party,small
23.0,157.48000000000002,45.359237,petite,32b,dress,4,4.0,formal affair,large
58.0,157.48000000000002,68.0388555,,,dress,12,4.0,party,fit
29.0,170.18,58.9670081,straight & narrow,32c,dress,12,4.0,party,large
34.0,157.48000000000002,65.77089365,hourglass,34d,dress,8,4.0,party,fit
29.0,160.02,65.77089365,full bust,34d,gown,16,2.0,formal affair,fit
34.0,162.56,54.4310844,athletic,36a,dress,8,4.0,work,fit
36.0,162.56,55.33826914,athletic,34b,dress,16,4.0,wedding,fit
33.0,160.02,54.4310844,pear,34d,gown,9,2.0,formal affair,small
36.0,162.56,52.61671492,petite,34b,dress,4,4.0,work,large
31.0,157.48000000000002,77.1107029,full bust,,romper,20,4.0,party,large
40.0,175.26,72.57477920000001,hourglass,,gown,25,2.0,formal affair,fit
30.0,167.64000000000001,68.0388555,hourglass,34d,maxi,14,4.0,party,fit
43.0,167.64000000000001,68.94604024,full bust,36d,sheath,20,4.0,party,fit
34.0,167.64000000000001,65.77089365,hourglass,32ddd/e,dress,16,4.0,everyday,fit
46.0,162.56,65.31730128000001,hourglass,36c,sheath,16,4.0,date,small
39.0,182.88,88.45051215000001,full bust,,dress,24,2.0,formal affair,fit
34.0,157.48000000000002,76.20351816,,36c,top,20,4.0,everyday,small
28.0,162.56,65.77089365,athletic,34d,gown,12,4.0,formal affair,fit
30.0,160.02,53.523899660000005,petite,32c,mini,8,4.0,party,small
32.0,172.72,57.152638620000005,athletic,32c,jumpsuit,4,4.0,date,small
32.0,165.1,65.77089365,pear,34b,dress,14,4.0,everyday,large
32.0,167.64000000000001,63.502931800000006,athletic,34c,romper,12,2.0,vacation,small
32.0,167.64000000000001,74.84274105,pear,34b,dress,20,4.0,everyday,large
41.0,162.56,68.0388555,athletic,34c,coat,16,4.0,everyday,large
29.0,162.56,70.30681735,hourglass,34d,sweater,14,2.0,everyday,fit
30.0,167.64000000000001,72.57477920000001,athletic,36c,dress,12,2.0,work,large
16.0,157.48000000000002,51.70953018,hourglass,34b,maxi,1,2.0,everyday,large
30.0,170.18,52.163122550000004,straight & narrow,32a,romper,4,2.0,party,large
29.0,172.72,63.502931800000006,pear,36c,shift,16,4.0,wedding,small
29.0,177.8,58.9670081,straight & narrow,34a,dress,4,4.0,everyday,small
30.0,167.64000000000001,54.4310844,petite,32c,dress,4,4.0,party,large
32.0,177.8,68.0388555,pear,32d,shift,20,4.0,party,small
45.0,160.02,72.57477920000001,,,dress,28,4.0,other,small
29.0,162.56,63.502931800000006,athletic,34c,shift,28,4.0,party,large
32.0,170.18,62.59574706,athletic,34c,top,8,4.0,formal affair,small
24.0,172.72,68.0388555,hourglass,34b,gown,21,4.0,formal affair,small
39.0,172.72,79.37866475,hourglass,38b,jacket,20,4.0,everyday,small
29.0,162.56,63.502931800000006,pear,34a,dress,14,4.0,vacation,large
28.0,162.56,68.0388555,hourglass,36d+,gown,20,4.0,formal affair,fit
41.0,167.64000000000001,60.32778521,hourglass,36d,gown,9,4.0,wedding,large
30.0,162.56,53.523899660000005,petite,32b,dress,4,2.0,party,fit
31.0,167.64000000000001,63.04933943,straight & narrow,34a,dress,14,4.0,everyday,small
37.0,177.8,56.69904625,hourglass,32c,dress,1,2.0,wedding,large
34.0,170.18,72.57477920000001,hourglass,,top,16,4.0,work,large
42.0,172.72,68.0388555,full bust,,gown,17,2.0,formal affair,fit
27.0,167.64000000000001,68.0388555,hourglass,34d,dress,20,2.0,party,small
34.0,162.56,63.502931800000006,athletic,34c,gown,12,4.0,formal affair,small
32.0,167.64000000000001,68.0388555,hourglass,36b,romper,20,2.0,everyday,small
46.0,172.72,67.58526313,hourglass,36c,dress,20,4.0,party,fit
28.0,170.18,58.9670081,hourglass,34d,gown,12,2.0,formal affair,small
34.0,162.56,79.37866475,pear,38b,dress,28,4.0,wedding,large
31.0,162.56,58.9670081,full bust,32d,dress,8,2.0,date,small
28.0,152.4,85.0,petite,32b,dress,4,2.0,everyday,large
31.0,154.94,45.81282937,petite,32a,dress,1,4.0,everyday,large
39.0,172.72,63.502931800000006,hourglass,32ddd/e,jumpsuit,12,4.0,party,fit
22.0,172.72,63.502931800000006,athletic,32a,gown,13,4.0,formal affair,small
36.0,157.48000000000002,49.895160700000005,petite,,gown,4,4.0,formal affair,fit
32.0,167.64000000000001,63.502931800000006,hourglass,34d,gown,12,4.0,formal affair,small
35.0,157.48000000000002,58.9670081,athletic,36b,dress,12,4.0,party,small
24.0,167.64000000000001,70.30681735,pear,36b,dress,14,4.0,everyday,large
38.0,180.34,65.77089365,athletic,36d,sheath,16,4.0,party,fit
36.0,170.18,59.874192840000006,athletic,32b,dress,12,2.0,party,small
31.0,162.56,56.24545388,athletic,32d,gown,4,4.0,formal affair,large
38.0,162.56,74.84274105,pear,38c,top,26,4.0,everyday,small
31.0,175.26,58.9670081,full bust,,dress,4,4.0,wedding,fit
46.0,175.26,72.57477920000001,pear,36c,culotte,20,4.0,everyday,fit
35.0,157.48000000000002,52.163122550000004,athletic,32c,romper,1,4.0,party,large
34.0,157.48000000000002,55.33826914,athletic,34c,jumpsuit,8,2.0,other,large
39.0,170.18,68.0388555,hourglass,36d+,gown,20,4.0,wedding,small
36.0,167.64000000000001,53.523899660000005,athletic,,dress,8,4.0,wedding,fit
33.0,154.94,54.4310844,athletic,32c,coat,4,4.0,everyday,large
26.0,149.86,52.163122550000004,petite,32c,mini,1,4.0,wedding,small
30.0,162.56,61.23496995,hourglass,,dress,12,4.0,wedding,small
26.0,160.02,49.895160700000005,athletic,32b,jumpsuit,8,4.0,formal affair,fit
33.0,177.8,63.502931800000006,straight & narrow,34b,gown,8,4.0,wedding,fit
29.0,175.26,72.57477920000001,athletic,36b,gown,25,4.0,wedding,small
25.0,165.1,56.69904625,straight & narrow,32a,shift,1,4.0,formal affair,fit
50.0,167.64000000000001,70.30681735,full bust,34d,gown,17,4.0,formal affair,fit
31.0,160.02,49.895160700000005,petite,32d,dress,1,4.0,everyday,fit
36.0,157.48000000000002,60.781377580000004,hourglass,34d,dress,14,4.0,other,large
26.0,170.18,72.57477920000001,hourglass,34c,dress,16,2.0,other,small
43.0,172.72,72.57477920000001,hourglass,36dd,dress,24,4.0,party,small
55.0,157.48000000000002,50.34875307,hourglass,32d,dress,4,4.0,other,small
31.0,152.4,52.163122550000004,petite,34d,dress,8,4.0,wedding,small
26.0,165.1,75.74992579,hourglass,34b,dress,20,4.0,other,fit
44.0,172.72,84.82177319,hourglass,36b,sheath,24,4.0,date,small
41.0,170.18,64.41011654,athletic,36c,dress,14,4.0,party,large
35.0,170.18,63.502931800000006,pear,34d,dress,12,4.0,work,small
52.0,170.18,68.0388555,full bust,36d,gown,24,2.0,formal affair,small
35.0,167.64000000000001,58.9670081,hourglass,34c,dress,12,4.0,party,fit
31.0,160.02,49.895160700000005,athletic,32a,dress,4,4.0,work,fit
37.0,167.64000000000001,68.0388555,full bust,34d,dress,20,4.0,work,large
35.0,162.56,58.9670081,full bust,34d,sheath,12,4.0,party,large
26.0,160.02,54.4310844,athletic,34b,dress,1,4.0,wedding,fit
40.0,160.02,68.0388555,athletic,36b,dress,28,4.0,date,fit
31.0,177.8,90.718474,hourglass,36d,sheath,28,2.0,wedding,small
55.0,167.64000000000001,58.9670081,athletic,32d,jacket,8,2.0,vacation,small
29.0,160.02,52.163122550000004,petite,32a,gown,1,4.0,formal affair,large
29.0,177.8,95.2543977,hourglass,,dress,28,4.0,wedding,large
26.0,162.56,63.502931800000006,hourglass,34dd,gown,12,4.0,formal affair,fit
30.0,170.18,61.23496995,hourglass,34b,dress,14,4.0,formal affair,small
27.0,177.8,68.0388555,athletic,36d,romper,14,2.0,party,fit
28.0,157.48000000000002,55.791861510000004,petite,32d,top,4,4.0,everyday,large
35.0,162.56,54.4310844,athletic,34d,dress,8,4.0,date,fit
52.0,177.8,68.0388555,hourglass,36c,dress,8,2.0,formal affair,fit
27.0,167.64000000000001,58.9670081,full bust,34d,gown,8,4.0,wedding,fit
31.0,162.56,68.0388555,pear,34b,dress,16,4.0,everyday,small
29.0,167.64000000000001,52.163122550000004,pear,32aa,dress,4,4.0,party,fit
33.0,167.64000000000001,65.77089365,hourglass,36d,gown,17,4.0,formal affair,large
31.0,162.56,51.70953018,full bust,34d,dress,1,4.0,wedding,large
27.0,152.4,52.163122550000004,petite,32b,romper,4,4.0,party,large
36.0,157.48000000000002,56.69904625,hourglass,34c,dress,12,4.0,other,fit
25.0,172.72,70.30681735,athletic,36d,jumpsuit,16,2.0,wedding,small
33.0,165.1,63.502931800000006,pear,32c,sheath,12,4.0,wedding,fit
43.0,170.18,54.4310844,athletic,32ddd/e,dress,4,4.0,date,large
33.0,157.48000000000002,58.9670081,hourglass,34ddd/e,dress,12,4.0,party,fit
39.0,157.48000000000002,47.62719885,hourglass,34c,dress,8,2.0,date,large
30.0,152.4,47.62719885,petite,32c,dress,1,4.0,wedding,large
27.0,157.48000000000002,47.62719885,petite,32b,sheath,4,4.0,date,large
30.0,172.72,61.23496995,pear,34c,dress,8,4.0,wedding,small
28.0,167.64000000000001,65.77089365,apple,34b,dress,8,2.0,other,small
41.0,172.72,58.9670081,athletic,34a,dress,8,2.0,work,fit
39.0,160.02,52.61671492,athletic,36b,gown,4,4.0,formal affair,large
36.0,157.48000000000002,60.781377580000004,hourglass,34d,dress,12,2.0,other,large
37.0,162.56,52.163122550000004,athletic,34b,gown,4,4.0,formal affair,large
27.0,172.72,54.4310844,straight & narrow,32a,sheath,4,2.0,party,small
40.0,167.64000000000001,58.513415730000006,athletic,34c,dress,8,4.0,wedding,large
31.0,160.02,49.895160700000005,petite,34b,jumpsuit,1,4.0,wedding,fit
28.0,170.18,60.781377580000004,athletic,34c,knit,8,4.0,everyday,fit
31.0,162.56,61.23496995,hourglass,34d,blouse,12,4.0,everyday,large
35.0,175.26,72.57477920000001,pear,36c,gown,17,4.0,formal affair,small
36.0,177.8,61.23496995,straight & narrow,34c,dress,8,4.0,date,fit
56.0,154.94,46.266421740000006,athletic,32d+,dress,4,4.0,everyday,small
41.0,165.1,81.6466266,full bust,38d,sweater,20,4.0,everyday,large
37.0,165.1,79.37866475,full bust,38d,gown,24,4.0,formal affair,fit
47.0,167.64000000000001,57.60623099,pear,32d,shift,8,2.0,party,small
28.0,175.26,61.23496995,hourglass,32c,dress,8,4.0,date,fit
55.0,170.18,61.23496995,athletic,34b,gown,8,2.0,formal affair,small
37.0,162.56,55.33826914,apple,36b,dress,4,4.0,party,small
26.0,167.64000000000001,56.69904625,athletic,36b,sheath,4,4.0,formal affair,fit
31.0,167.64000000000001,58.05982336,hourglass,34d,dress,8,4.0,everyday,fit
35.0,149.86,51.255937810000006,petite,32b,dress,4,4.0,formal affair,small
41.0,170.18,56.69904625,straight & narrow,32b,dress,8,4.0,work,fit
40.0,162.56,56.69904625,athletic,34a,romper,1,4.0,vacation,fit
32.0,162.56,52.61671492,petite,32b,shift,1,4.0,wedding,fit
53.0,167.64000000000001,82.55381134000001,hourglass,38c,romper,20,2.0,date,fit
30.0,167.64000000000001,54.4310844,athletic,32a,dress,4,4.0,date,small
31.0,167.64000000000001,81.6466266,pear,36c,dress,24,4.0,party,large
38.0,175.26,65.77089365,athletic,34b,dress,16,2.0,formal affair,fit
34.0,177.8,68.0388555,pear,34b,gown,13,4.0,formal affair,large
27.0,167.64000000000001,47.62719885,pear,32a,romper,4,4.0,vacation,large
27.0,160.02,81.6466266,pear,38c,dress,24,4.0,wedding,small
34.0,177.8,68.0388555,straight & narrow,36c,dress,20,4.0,wedding,fit
37.0,180.34,77.1107029,athletic,38c,dress,24,4.0,work,small
32.0,157.48000000000002,58.9670081,athletic,34b,dress,8,4.0,wedding,small
31.0,175.26,58.9670081,straight & narrow,,jumpsuit,12,4.0,party,small
28.0,165.1,49.895160700000005,hourglass,34a,gown,1,2.0,formal affair,large
38.0,157.48000000000002,57.60623099,athletic,32a,dress,8,4.0,other,small
34.0,172.72,56.24545388,straight & narrow,34c,top,4,4.0,everyday,large
35.0,162.56,56.24545388,athletic,34b,dress,1,4.0,other,large
30.0,160.02,58.9670081,pear,34b,dress,8,4.0,formal affair,fit
30.0,160.02,53.07030729,petite,,dress,4,4.0,work,fit
31.0,157.48000000000002,49.895160700000005,petite,32c,sheath,8,4.0,wedding,small
34.0,175.26,62.59574706,,32d,gown,15,4.0,formal affair,small
32.0,172.72,74.84274105,hourglass,36d,dress,16,4.0,wedding,large
28.0,170.18,56.69904625,athletic,34c,gown,8,4.0,wedding,small
35.0,162.56,68.0388555,full bust,36d,dress,16,2.0,party,small
25.0,157.48000000000002,49.895160700000005,petite,32c,top,4,4.0,everyday,large
24.0,162.56,56.69904625,hourglass,34dd,dress,12,4.0,work,fit
39.0,172.72,77.1107029,,38c,dress,24,4.0,wedding,fit
41.0,157.48000000000002,66.22448602,hourglass,36c,gown,16,2.0,formal affair,large
36.0,175.26,60.32778521,athletic,34d,dress,8,4.0,wedding,large
28.0,160.02,61.23496995,petite,32c,gown,12,4.0,formal affair,small
36.0,172.72,63.502931800000006,pear,34b,dress,14,4.0,everyday,fit
30.0,157.48000000000002,67.13167076,full bust,38d,jumpsuit,16,4.0,work,large
34.0,157.48000000000002,59.420600470000004,athletic,34c,dress,8,4.0,wedding,fit
24.0,152.4,45.81282937,petite,32b,dress,1,4.0,formal affair,large
28.0,167.64000000000001,68.0388555,hourglass,36d,dress,16,4.0,party,small
28.0,175.26,56.69904625,hourglass,32c,dress,8,4.0,formal affair,large
28.0,170.18,63.04933943,athletic,34a,dress,8,4.0,party,small
28.0,167.64000000000001,61.23496995,hourglass,36d,dress,14,4.0,formal affair,large
44.0,157.48000000000002,53.523899660000005,petite,34b,dress,4,4.0,party,fit
32.0,162.56,54.4310844,full bust,34d,gown,8,4.0,wedding,fit
40.0,175.26,58.9670081,hourglass,34d,blouse,8,4.0,everyday,fit
27.0,162.56,52.163122550000004,straight & narrow,34b,dress,4,2.0,formal affair,large
34.0,175.26,54.4310844,straight & narrow,34b,dress,8,4.0,other,large
30.0,154.94,79.37866475,hourglass,38d,dress,28,4.0,formal affair,small
34.0,157.48000000000002,64.41011654,full bust,34d+,dress,12,2.0,party,large
31.0,152.4,47.62719885,petite,32c,romper,4,2.0,everyday,large
26.0,167.64000000000001,52.163122550000004,straight & narrow,32a,tank,1,4.0,date,large
37.0,157.48000000000002,57.60623099,pear,36b,tunic,14,4.0,vacation,large
37.0,165.1,56.69904625,athletic,34d,jumpsuit,12,2.0,party,fit
31.0,162.56,68.0388555,hourglass,,sheath,20,2.0,wedding,small
47.0,170.18,66.67807839000001,hourglass,36c,dress,16,4.0,wedding,fit
30.0,182.88,63.502931800000006,straight & narrow,34b,mini,8,4.0,vacation,small
33.0,162.56,61.23496995,athletic,,dress,8,4.0,wedding,fit
37.0,167.64000000000001,63.502931800000006,hourglass,34d,top,12,4.0,everyday,fit
49.0,170.18,64.41011654,hourglass,36c,gown,20,2.0,wedding,small
29.0,160.02,49.895160700000005,athletic,34c,gown,4,4.0,formal affair,large
35.0,165.1,58.9670081,hourglass,34d,top,12,2.0,everyday,fit
34.0,154.94,50.80234544,petite,32d,dress,1,4.0,party,large
25.0,180.34,72.57477920000001,athletic,32a,dress,12,4.0,formal affair,large
41.0,162.56,58.9670081,hourglass,34d,dress,8,4.0,formal affair,fit
43.0,165.1,63.502931800000006,hourglass,36d,top,14,2.0,work,large
52.0,167.64000000000001,70.30681735,hourglass,38d,jumpsuit,24,4.0,party,fit
38.0,167.64000000000001,61.23496995,athletic,36b,dress,14,4.0,other,small
37.0,172.72,77.1107029,apple,36d,gown,29,2.0,wedding,large
38.0,162.56,70.30681735,pear,36c,shirtdress,20,4.0,party,fit
39.0,160.02,47.62719885,hourglass,32c,dress,1,4.0,party,large
40.0,165.1,61.23496995,pear,34c,dress,4,4.0,work,fit
36.0,157.48000000000002,55.33826914,petite,34d,sheath,16,4.0,wedding,large
33.0,170.18,68.0388555,athletic,32d,jumpsuit,14,4.0,formal affair,small
48.0,175.26,72.57477920000001,hourglass,32d,dress,16,2.0,wedding,small
35.0,165.1,58.9670081,athletic,34c,sheath,4,4.0,other,small
28.0,167.64000000000001,57.60623099,hourglass,34a,romper,8,2.0,everyday,large
29.0,165.1,63.502931800000006,hourglass,36d,dress,16,4.0,wedding,fit
36.0,175.26,70.30681735,athletic,34c,romper,14,4.0,party,large
29.0,162.56,68.0388555,full bust,34d,dress,20,4.0,party,fit
35.0,162.56,79.37866475,hourglass,36d,dress,24,4.0,wedding,small
44.0,162.56,54.4310844,petite,32a,dress,8,4.0,everyday,fit
32.0,170.18,53.523899660000005,petite,34d,sheath,4,4.0,other,fit
32.0,170.18,77.1107029,hourglass,36d,dress,20,4.0,party,small
32.0,175.26,52.163122550000004,straight & narrow,32a,dress,4,4.0,wedding,small
34.0,162.56,82.55381134000001,hourglass,38d,sheath,24,2.0,wedding,small
32.0,160.02,64.86370891,,36d,shift,16,4.0,wedding,fit
32.0,172.72,97.52235955,hourglass,38d,gown,28,4.0,other,small
49.0,162.56,63.502931800000006,athletic,34c,dress,16,4.0,wedding,fit
30.0,167.64000000000001,56.69904625,hourglass,34c,top,8,4.0,date,large
50.0,170.18,63.502931800000006,straight & narrow,34d,gown,12,2.0,party,fit
29.0,165.1,61.23496995,pear,34b,sweater,8,2.0,everyday,small
40.0,167.64000000000001,55.33826914,hourglass,34a,sheath,4,4.0,party,fit
43.0,165.1,56.69904625,athletic,36b,dress,8,2.0,date,large
51.0,165.1,74.84274105,pear,36b,down,20,4.0,everyday,small
35.0,167.64000000000001,65.77089365,hourglass,36a,dress,16,2.0,work,fit
27.0,165.1,49.895160700000005,hourglass,32d,romper,4,4.0,other,small
53.0,167.64000000000001,82.55381134000001,hourglass,38c,shirtdress,24,4.0,everyday,fit
53.0,167.64000000000001,81.6466266,full bust,38d,dress,28,4.0,wedding,small
31.0,160.02,47.173606480000004,petite,32a,mini,1,4.0,party,fit
31.0,160.02,74.84274105,pear,36dd,gown,24,4.0,wedding,fit
35.0,167.64000000000001,81.6466266,hourglass,34d,gown,25,4.0,wedding,large
36.0,167.64000000000001,70.30681735,hourglass,36d,sheath,20,4.0,wedding,fit
49.0,162.56,60.32778521,full bust,34d,top,14,4.0,everyday,fit
30.0,167.64000000000001,61.23496995,hourglass,34b,top,8,4.0,everyday,small
25.0,170.18,56.69904625,,32d,gown,2,4.0,wedding,large
40.0,165.1,64.41011654,petite,34b,dress,8,4.0,work,small
29.0,157.48000000000002,49.895160700000005,athletic,34a,jumpsuit,4,2.0,other,large
39.0,175.26,61.23496995,athletic,34b,dress,12,4.0,formal affair,small
41.0,162.56,74.84274105,,,dress,16,2.0,other,small
28.0,177.8,61.23496995,straight & narrow,32c,dress,12,4.0,party,large
32.0,167.64000000000001,53.523899660000005,athletic,34b,mini,8,2.0,party,small
32.0,162.56,44.45205226,petite,32b,dress,1,2.0,vacation,large
40.0,162.56,54.4310844,straight & narrow,34a,dress,1,4.0,work,fit
34.0,177.8,63.502931800000006,pear,34b,dress,12,4.0,wedding,fit
37.0,177.8,70.30681735,athletic,36c,dress,12,2.0,wedding,large
47.0,172.72,79.37866475,hourglass,36c,dress,28,4.0,work,fit
28.0,170.18,58.9670081,hourglass,34d,blazer,12,4.0,other,small
39.0,170.18,70.30681735,athletic,34d,dress,16,4.0,vacation,large
38.0,165.1,52.163122550000004,straight & narrow,32b,gown,1,4.0,formal affair,large
43.0,165.1,56.69904625,athletic,36b,sheath,8,4.0,work,small
28.0,162.56,54.4310844,athletic,30d,top,4,4.0,everyday,fit
36.0,162.56,72.57477920000001,apple,36d,dress,24,4.0,everyday,small
32.0,152.4,48.08079122,hourglass,32a,sheath,8,2.0,party,large
31.0,165.1,68.94604024,hourglass,34d,gown,12,2.0,formal affair,small
35.0,170.18,58.9670081,hourglass,32c,shift,4,2.0,party,small
40.0,154.94,58.9670081,petite,34c,shift,20,4.0,party,small
34.0,157.48000000000002,52.163122550000004,pear,32b,gown,4,2.0,formal affair,large
54.0,162.56,59.874192840000006,athletic,34c,mini,4,4.0,date,fit
30.0,152.4,52.163122550000004,petite,34b,dress,4,4.0,wedding,large
34.0,172.72,65.77089365,hourglass,36d,dress,8,4.0,vacation,large
34.0,172.72,81.6466266,hourglass,36c,gown,25,4.0,formal affair,small
22.0,172.72,52.163122550000004,hourglass,32d,dress,1,2.0,formal affair,fit
28.0,172.72,72.57477920000001,pear,34b,dress,16,2.0,work,large
30.0,170.18,68.0388555,pear,34b,dress,20,4.0,other,large
52.0,162.56,52.163122550000004,athletic,34b,dress,8,4.0,work,fit
34.0,160.02,63.502931800000006,petite,32d,gown,8,4.0,wedding,small
30.0,157.48000000000002,58.513415730000006,hourglass,34d,top,4,4.0,everyday,fit
36.0,160.02,72.57477920000001,,36c,gown,20,4.0,wedding,fit
27.0,165.1,56.69904625,,,dress,8,4.0,wedding,small
29.0,162.56,56.69904625,athletic,34c,gown,12,4.0,formal affair,small
30.0,162.56,79.37866475,pear,34b,dress,16,4.0,party,small
34.0,152.4,45.359237,petite,34b,dress,4,4.0,work,large
31.0,152.4,47.62719885,petite,32c,sweater,8,4.0,everyday,large
27.0,172.72,65.77089365,hourglass,,dress,14,2.0,formal affair,small
32.0,170.18,58.05982336,straight & narrow,34b,maxi,8,4.0,vacation,fit
27.0,154.94,90.0,petite,32a,shift,1,2.0,formal affair,large
34.0,157.48000000000002,58.05982336,full bust,34dd,coat,8,2.0,work,fit
45.0,172.72,68.0388555,pear,34a,dress,8,4.0,party,small
39.0,162.56,58.05982336,hourglass,36b,shift,8,2.0,work,large
42.0,172.72,77.1107029,pear,38c,pants,28,4.0,work,small
34.0,165.1,81.6466266,hourglass,38d,dress,24,4.0,wedding,small
35.0,157.48000000000002,56.69904625,petite,34d,dress,12,4.0,other,large
46.0,165.1,63.502931800000006,hourglass,,dress,12,4.0,wedding,fit
30.0,154.94,48.98797596,petite,32c,dress,1,4.0,other,fit
37.0,165.1,54.4310844,apple,,sheath,8,4.0,party,large
33.0,177.8,58.9670081,full bust,,dress,8,4.0,formal affair,small
31.0,170.18,90.718474,hourglass,36c,gown,24,2.0,formal affair,small
28.0,167.64000000000001,65.77089365,full bust,34d,dress,16,4.0,party,fit
33.0,162.56,61.23496995,hourglass,36d+,dress,16,4.0,party,large
45.0,180.34,63.502931800000006,athletic,36c,dress,14,4.0,work,fit
32.0,160.02,83.00740371,pear,34d,dress,28,2.0,date,fit
56.0,167.64000000000001,56.69904625,athletic,32d,gown,12,4.0,formal affair,small
56.0,162.56,54.4310844,hourglass,34b,jumpsuit,8,2.0,party,fit
39.0,147.32,47.62719885,petite,34a,sheath,8,4.0,party,small
32.0,172.72,56.69904625,hourglass,34a,gown,5,4.0,formal affair,fit
45.0,152.4,61.23496995,apple,34c,mini,16,4.0,party,small
32.0,172.72,95.2543977,hourglass,38d,romper,20,4.0,date,small
50.0,165.1,56.69904625,athletic,34a,shift,8,4.0,party,fit
53.0,167.64000000000001,82.55381134000001,hourglass,38c,sheath,20,2.0,everyday,fit
47.0,165.1,74.84274105,hourglass,36d,dress,28,4.0,everyday,small
37.0,160.02,54.4310844,athletic,34c,dress,8,4.0,wedding,large
24.0,170.18,70.30681735,hourglass,34c,gown,16,4.0,wedding,small
37.0,165.1,65.77089365,athletic,36c,top,14,4.0,work,small
36.0,175.26,74.84274105,pear,34d,dress,20,4.0,everyday,large
64.0,170.18,63.502931800000006,athletic,34b,dress,20,4.0,everyday,fit
51.0,157.48000000000002,58.9670081,petite,32d,top,12,2.0,party,small
29.0,157.48000000000002,52.163122550000004,petite,34b,dress,8,4.0,everyday,large
32.0,167.64000000000001,59.874192840000006,pear,32b,gown,4,4.0,formal affair,large
35.0,167.64000000000001,53.97749203,hourglass,34b,maxi,4,4.0,everyday,fit
32.0,160.02,86.1825503,pear,36c,gown,24,4.0,formal affair,small
29.0,162.56,56.69904625,athletic,34b,dress,8,4.0,formal affair,small
32.0,172.72,60.781377580000004,pear,34b,sheath,14,4.0,party,small
28.0,157.48000000000002,61.23496995,apple,34c,dress,12,4.0,wedding,small
23.0,162.56,49.895160700000005,hourglass,32d,dress,8,2.0,date,fit
57.0,167.64000000000001,58.9670081,hourglass,34d,romper,12,4.0,party,small
42.0,162.56,74.84274105,full bust,38dd,top,24,4.0,work,fit
31.0,154.94,47.173606480000004,petite,32b,dress,4,2.0,wedding,large
30.0,162.56,52.163122550000004,petite,34a,dress,1,2.0,party,fit
56.0,152.4,49.895160700000005,petite,34c,dress,1,2.0,wedding,large
26.0,177.8,72.57477920000001,hourglass,36d,gown,20,2.0,formal affair,large
32.0,160.02,72.57477920000001,hourglass,36c,dress,16,4.0,work,fit
29.0,170.18,58.513415730000006,hourglass,,dress,8,4.0,party,small
45.0,162.56,59.874192840000006,full bust,34ddd/e,dress,20,4.0,everyday,small
50.0,170.18,74.84274105,hourglass,36c,gown,24,2.0,formal affair,small
40.0,170.18,64.86370891,athletic,34d,dress,16,4.0,party,large
41.0,165.1,58.9670081,apple,34b,dress,12,4.0,date,large
31.0,165.1,49.895160700000005,petite,32b,gown,1,2.0,wedding,large
28.0,162.56,63.502931800000006,pear,34b,mini,12,2.0,wedding,small
37.0,149.86,68.0388555,hourglass,38c,dress,24,4.0,wedding,fit
31.0,165.1,63.502931800000006,pear,34b,dress,12,4.0,wedding,large
33.0,162.56,65.77089365,athletic,34c,dress,16,2.0,wedding,fit
34.0,170.18,61.23496995,athletic,,dress,8,4.0,party,fit
31.0,160.02,63.502931800000006,hourglass,34d,dress,8,2.0,party,fit
28.0,170.18,72.57477920000001,hourglass,34dd,dress,20,4.0,work,large
31.0,154.94,44.45205226,straight & narrow,34a,dress,1,2.0,wedding,large
31.0,170.18,61.23496995,,,gown,8,4.0,wedding,small
59.0,162.56,70.30681735,athletic,36d,dress,24,2.0,formal affair,small
23.0,172.72,61.23496995,athletic,34c,gown,9,2.0,formal affair,fit
26.0,175.26,63.502931800000006,,34c,gown,12,4.0,formal affair,small
32.0,167.64000000000001,59.874192840000006,hourglass,34d,mini,4,2.0,wedding,small
31.0,162.56,54.4310844,hourglass,32c,dress,1,4.0,date,small
29.0,172.72,58.9670081,,,dress,12,4.0,work,small
31.0,170.18,63.502931800000006,athletic,34d,gown,12,4.0,formal affair,small
32.0,157.48000000000002,57.60623099,petite,34b,skirt,8,4.0,work,small
45.0,162.56,70.30681735,hourglass,36d,top,20,4.0,everyday,fit
27.0,165.1,65.77089365,athletic,36c,dress,12,4.0,wedding,fit
45.0,157.48000000000002,53.523899660000005,athletic,34c,dress,8,2.0,party,small
27.0,170.18,56.69904625,hourglass,34a,dress,4,2.0,party,large
31.0,157.48000000000002,42.63768278,petite,32b,gown,0,2.0,formal affair,large
31.0,175.26,58.9670081,athletic,32d,jumpsuit,5,4.0,party,large
35.0,167.64000000000001,58.9670081,athletic,36c,dress,12,4.0,wedding,small
39.0,167.64000000000001,58.9670081,athletic,,dress,12,4.0,other,fit
53.0,167.64000000000001,82.55381134000001,hourglass,38c,dress,24,4.0,everyday,fit
31.0,167.64000000000001,56.69904625,straight & narrow,34b,dress,4,4.0,party,fit
33.0,165.1,61.23496995,pear,36b,shirtdress,16,2.0,everyday,large
33.0,162.56,63.502931800000006,pear,36c,sheath,20,4.0,wedding,fit
28.0,162.56,53.523899660000005,,32b,down,4,4.0,work,large
30.0,170.18,52.163122550000004,straight & narrow,32a,jumpsuit,1,4.0,wedding,fit
27.0,182.88,81.6466266,hourglass,36d+,dress,28,2.0,wedding,large
36.0,157.48000000000002,45.81282937,petite,32c,gown,1,4.0,formal affair,fit
31.0,162.56,68.0388555,pear,34c,dress,8,4.0,other,fit
38.0,157.48000000000002,75.74992579,pear,34ddd/e,maxi,16,4.0,vacation,fit
34.0,170.18,58.9670081,straight & narrow,34a,dress,4,4.0,party,fit
41.0,154.94,52.163122550000004,athletic,34d,dress,8,4.0,other,fit
38.0,160.02,45.359237,petite,32a,dress,1,4.0,work,small
30.0,170.18,54.4310844,hourglass,34b,dress,8,4.0,everyday,large
45.0,165.1,55.33826914,hourglass,32d,sheath,8,2.0,formal affair,fit
37.0,162.56,74.84274105,athletic,36b,dress,14,4.0,everyday,small
28.0,165.1,58.9670081,athletic,34c,dress,8,4.0,work,small
49.0,157.48000000000002,54.4310844,hourglass,36c,dress,8,2.0,other,fit
49.0,165.1,70.30681735,hourglass,34dd,dress,16,4.0,everyday,large
40.0,165.1,63.502931800000006,hourglass,34d,dress,12,4.0,party,large
31.0,152.4,48.98797596,petite,34b,sheath,4,4.0,wedding,large
36.0,165.1,83.00740371,apple,38d,dress,20,2.0,everyday,small
39.0,177.8,79.37866475,,,maxi,20,2.0,everyday,fit
41.0,167.64000000000001,63.502931800000006,hourglass,32dd,romper,14,2.0,everyday,fit
37.0,170.18,68.94604024,athletic,36a,top,12,4.0,everyday,fit
41.0,162.56,70.30681735,pear,34d,coat,8,4.0,vacation,large
36.0,157.48000000000002,58.9670081,,34b,top,8,4.0,everyday,fit
39.0,180.34,73.93555631000001,hourglass,36ddd/e,blouse,14,4.0,everyday,fit
34.0,165.1,58.9670081,athletic,34dd,sheath,8,2.0,party,fit
36.0,162.56,56.69904625,apple,34b,top,4,2.0,vacation,large
37.0,157.48000000000002,52.163122550000004,athletic,32b,dress,8,4.0,formal affair,large
40.0,157.48000000000002,54.4310844,petite,32b,sheath,4,4.0,formal affair,small
27.0,160.02,50.80234544,hourglass,34c,top,8,2.0,everyday,large
47.0,167.64000000000001,77.1107029,hourglass,36d,maxi,24,4.0,wedding,small
43.0,172.72,72.57477920000001,full bust,38dd,dress,4,4.0,party,fit
31.0,154.94,47.173606480000004,petite,32b,dress,1,2.0,party,small
32.0,157.48000000000002,59.874192840000006,petite,36c,dress,16,2.0,formal affair,large
44.0,170.18,63.502931800000006,hourglass,36d,dress,14,2.0,party,small
35.0,167.64000000000001,54.4310844,pear,32b,top,1,2.0,everyday,small
31.0,160.02,49.895160700000005,petite,32a,dress,4,4.0,everyday,large
37.0,165.1,62.59574706,athletic,34b,dress,16,4.0,party,small
41.0,162.56,53.523899660000005,athletic,34a,shift,4,2.0,date,large
44.0,175.26,68.0388555,full bust,34d,shirtdress,16,4.0,everyday,small
28.0,170.18,61.23496995,hourglass,34c,coat,8,4.0,everyday,large
32.0,157.48000000000002,46.72001411,petite,34b,jumpsuit,1,4.0,wedding,large
49.0,162.56,56.69904625,hourglass,32d,gown,8,4.0,party,large
33.0,170.18,77.1107029,full bust,38d,gown,21,4.0,formal affair,small
30.0,162.56,49.895160700000005,petite,34c,romper,4,2.0,party,large
44.0,182.88,74.84274105,hourglass,36d,jumpsuit,25,4.0,party,small
29.0,160.02,47.62719885,petite,32b,dress,1,4.0,wedding,large
33.0,177.8,74.84274105,hourglass,34b,dress,14,4.0,work,small
31.0,180.34,72.57477920000001,hourglass,36b,gown,21,2.0,formal affair,small
47.0,162.56,49.895160700000005,straight & narrow,34a,jacket,4,4.0,everyday,fit
36.0,170.18,58.9670081,straight & narrow,34b,sheath,8,4.0,wedding,fit
45.0,167.64000000000001,63.502931800000006,athletic,,jumpsuit,12,2.0,wedding,large
29.0,157.48000000000002,52.61671492,petite,32c,dress,4,4.0,wedding,large
35.0,172.72,56.69904625,straight & narrow,,coat,4,4.0,party,fit
40.0,154.94,53.97749203,petite,34c,top,8,2.0,everyday,fit
60.0,157.48000000000002,52.163122550000004,petite,,sheath,8,4.0,formal affair,small
35.0,154.94,60.781377580000004,hourglass,34d+,mini,12,2.0,wedding,small
57.0,165.1,62.142154690000005,hourglass,34c,dress,12,4.0,work,small
26.0,162.56,52.163122550000004,petite,32c,dress,8,4.0,party,fit
30.0,170.18,61.23496995,athletic,34b,mini,8,4.0,vacation,fit
30.0,162.56,63.502931800000006,full bust,36d,tunic,14,2.0,date,large
36.0,175.26,58.9670081,straight & narrow,,gown,13,4.0,formal affair,fit
59.0,160.02,53.07030729,petite,34c,jacket,4,4.0,party,fit
27.0,165.1,58.9670081,straight & narrow,34c,gown,4,4.0,party,fit
33.0,175.26,81.6466266,,,gown,21,4.0,wedding,small
32.0,160.02,47.62719885,pear,32a,gown,1,4.0,formal affair,small
24.0,157.48000000000002,58.9670081,pear,34c,gown,4,2.0,formal affair,fit
38.0,165.1,67.13167076,athletic,34c,shift,12,4.0,party,small
27.0,162.56,56.69904625,petite,34b,mini,8,2.0,wedding,large
27.0,160.02,48.98797596,petite,32d,sweater,4,4.0,other,large
45.0,167.64000000000001,61.23496995,athletic,36b,top,12,4.0,everyday,small
34.0,165.1,61.23496995,hourglass,30g,sheath,16,4.0,wedding,fit
27.0,157.48000000000002,74.84274105,pear,38b,shift,24,4.0,wedding,fit
48.0,162.56,63.502931800000006,hourglass,36b,dress,14,4.0,work,small
25.0,157.48000000000002,49.895160700000005,athletic,28f,top,1,2.0,work,large
32.0,170.18,53.523899660000005,petite,34d,dress,4,2.0,wedding,large
45.0,162.56,65.77089365,hourglass,36c,dress,16,4.0,party,large
44.0,175.26,68.0388555,full bust,34d,romper,14,4.0,vacation,small
32.0,170.18,65.77089365,hourglass,34d,dress,16,4.0,wedding,fit
36.0,167.64000000000001,79.37866475,hourglass,36d,dress,20,2.0,wedding,large
34.0,157.48000000000002,48.98797596,petite,34a,shirtdress,4,4.0,vacation,large
47.0,165.1,77.1107029,apple,38c,dress,28,2.0,work,small
63.0,160.02,64.86370891,hourglass,34d,shift,24,4.0,wedding,small
28.0,165.1,65.77089365,hourglass,34dd,dress,14,2.0,work,fit
42.0,157.48000000000002,56.69904625,hourglass,34c,dress,8,4.0,party,fit
54.0,170.18,66.67807839000001,full bust,36d,dress,12,4.0,everyday,small
33.0,172.72,68.0388555,athletic,34c,maxi,12,4.0,other,fit
34.0,172.72,48.08079122,straight & narrow,32a,dress,1,4.0,party,large
44.0,170.18,58.9670081,athletic,34d,dress,8,4.0,party,fit
41.0,154.94,56.69904625,petite,36c,dress,14,4.0,vacation,large
32.0,177.8,56.69904625,straight & narrow,34a,sheath,4,2.0,party,small
40.0,157.48000000000002,56.69904625,petite,34c,dress,1,4.0,everyday,large
27.0,162.56,63.502931800000006,hourglass,32dd,top,16,2.0,date,small
40.0,165.1,68.0388555,hourglass,36c,dress,20,2.0,other,large
31.0,162.56,69.39963261,hourglass,36b,dress,24,4.0,party,small
35.0,170.18,68.0388555,hourglass,34c,dress,12,4.0,date,large
32.0,167.64000000000001,58.9670081,hourglass,34c,dress,12,4.0,work,fit
34.0,175.26,81.6466266,hourglass,34b,romper,20,4.0,party,small
25.0,157.48000000000002,68.0388555,full bust,36dd,dress,12,4.0,wedding,small
36.0,162.56,79.37866475,hourglass,38d,dress,20,2.0,wedding,small
32.0,177.8,65.77089365,hourglass,34d,skirt,12,4.0,party,fit
32.0,170.18,65.77089365,hourglass,36b,jumpsuit,16,4.0,party,fit
27.0,157.48000000000002,54.4310844,athletic,34c,jacket,8,4.0,work,large
30.0,165.1,50.80234544,hourglass,32c,dress,1,4.0,wedding,large
46.0,157.48000000000002,61.23496995,full bust,34d,shift,16,2.0,wedding,small
31.0,160.02,56.24545388,petite,34d,dress,8,2.0,wedding,fit
58.0,162.56,49.895160700000005,petite,32c,jumpsuit,1,4.0,party,large
29.0,170.18,74.84274105,athletic,36b,dress,20,4.0,party,fit
25.0,170.18,58.9670081,athletic,32c,maxi,8,4.0,vacation,fit
32.0,165.1,52.163122550000004,athletic,32d,dress,1,2.0,wedding,small
33.0,170.18,62.59574706,hourglass,34a,gown,8,4.0,formal affair,small
38.0,165.1,68.0388555,pear,34c,dress,20,4.0,wedding,small
33.0,177.8,77.1107029,hourglass,34d,gown,17,4.0,formal affair,small
40.0,157.48000000000002,53.07030729,petite,34c,gown,4,2.0,formal affair,small
30.0,162.56,49.895160700000005,athletic,32b,mini,1,2.0,other,small
29.0,167.64000000000001,81.6466266,apple,36d,mini,12,4.0,other,fit
32.0,162.56,55.791861510000004,full bust,32d,dress,8,2.0,work,large
41.0,167.64000000000001,78.92507238,pear,36d,gown,16,4.0,wedding,large
34.0,172.72,56.69904625,hourglass,32ddd/e,dress,8,2.0,other,small
27.0,177.8,61.23496995,full bust,34d,gown,17,4.0,formal affair,fit
35.0,170.18,68.0388555,pear,34c,dress,20,4.0,other,fit
30.0,167.64000000000001,56.69904625,athletic,34b,dress,8,4.0,everyday,fit
27.0,175.26,67.13167076,athletic,36a,dress,12,4.0,everyday,small
25.0,167.64000000000001,62.142154690000005,apple,34d,sheath,12,2.0,other,small
36.0,165.1,61.23496995,full bust,34f,sweater,8,4.0,everyday,large
41.0,175.26,58.9670081,athletic,,dress,8,4.0,everyday,large
22.0,165.1,54.4310844,petite,34a,dress,8,4.0,party,small
31.0,167.64000000000001,61.23496995,straight & narrow,32c,sheath,1,4.0,party,fit
33.0,157.48000000000002,52.163122550000004,hourglass,34b,dress,4,4.0,wedding,large
38.0,167.64000000000001,65.77089365,hourglass,,jumpsuit,15,2.0,party,fit
34.0,165.1,62.59574706,hourglass,34c,dress,12,4.0,wedding,large
32.0,175.26,63.502931800000006,pear,32b,jumpsuit,14,4.0,work,fit
32.0,160.02,52.163122550000004,petite,32d,jumpsuit,1,4.0,wedding,large
38.0,160.02,51.70953018,pear,34a,gown,7,4.0,wedding,small
39.0,165.1,65.77089365,athletic,34d,jumpsuit,16,4.0,party,fit
30.0,170.18,56.69904625,petite,32b,dress,4,4.0,formal affair,fit
37.0,160.02,68.0388555,full bust,36b,sheath,24,4.0,formal affair,fit
28.0,154.94,47.62719885,petite,34b,vest,4,4.0,work,large
44.0,167.64000000000001,52.163122550000004,straight & narrow,32d,dress,4,4.0,vacation,fit
25.0,167.64000000000001,58.9670081,pear,34b,sheath,12,2.0,wedding,small
26.0,165.1,53.07030729,athletic,32d,gown,4,4.0,formal affair,large
26.0,170.18,72.57477920000001,hourglass,32d,tunic,14,4.0,everyday,large
26.0,165.1,57.60623099,athletic,32c,jumpsuit,4,4.0,party,large
40.0,165.1,65.77089365,,36c,dress,14,4.0,work,fit
35.0,160.02,53.523899660000005,petite,32d,mini,1,4.0,party,large
35.0,167.64000000000001,73.48196394,athletic,36c,gown,24,2.0,formal affair,large
28.0,177.8,67.13167076,athletic,34b,jumpsuit,12,4.0,date,small
40.0,165.1,70.30681735,hourglass,36c,dress,20,4.0,work,fit
42.0,165.1,52.61671492,athletic,32a,top,4,4.0,work,fit
34.0,160.02,55.33826914,athletic,32d,romper,8,4.0,date,large
37.0,154.94,45.81282937,petite,32c,sheath,1,4.0,work,large
33.0,170.18,72.57477920000001,,36c,dress,20,4.0,wedding,small
32.0,170.18,58.9670081,athletic,32d,skirt,8,4.0,work,small
32.0,172.72,83.91458845000001,pear,36b,sheath,20,2.0,wedding,small
34.0,154.94,68.0388555,pear,36a,dress,24,4.0,everyday,large
18.0,165.1,58.9670081,athletic,32b,dress,4,4.0,party,small
31.0,160.02,56.24545388,hourglass,28dd,jacket,8,4.0,work,fit
29.0,157.48000000000002,61.23496995,petite,34d,jacket,14,4.0,everyday,large
34.0,172.72,58.513415730000006,hourglass,32d,dress,12,2.0,date,large
57.0,152.4,53.07030729,petite,32d,dress,8,2.0,wedding,fit
49.0,167.64000000000001,58.9670081,athletic,34c,gown,9,2.0,formal affair,small
31.0,162.56,54.4310844,hourglass,32b,dress,1,2.0,vacation,large
33.0,170.18,77.1107029,full bust,36ddd/e,gown,25,4.0,formal affair,fit
26.0,170.18,49.895160700000005,hourglass,32c,dress,1,4.0,wedding,large
40.0,170.18,68.0388555,hourglass,36d,shift,20,2.0,other,small
41.0,162.56,61.23496995,athletic,36d,dress,8,4.0,party,small
32.0,157.48000000000002,58.9670081,athletic,34b,dress,8,2.0,party,large
53.0,167.64000000000001,63.502931800000006,pear,36b,dress,8,4.0,work,small
39.0,167.64000000000001,74.84274105,pear,34d,dress,14,4.0,party,fit
39.0,175.26,71.21400209000001,pear,36b,sheath,20,2.0,party,small
44.0,167.64000000000001,79.37866475,pear,34c,sheath,24,4.0,work,small
44.0,157.48000000000002,76.65711053,hourglass,36d,gown,16,4.0,formal affair,small
35.0,167.64000000000001,77.1107029,full bust,36d+,gown,16,4.0,formal affair,small
30.0,165.1,58.05982336,hourglass,34c,dress,4,4.0,wedding,small
28.0,160.02,43.09127515,petite,32a,gown,1,2.0,wedding,large
36.0,162.56,57.60623099,apple,34d,dress,16,4.0,formal affair,fit
42.0,167.64000000000001,52.163122550000004,athletic,,dress,1,4.0,party,fit
32.0,167.64000000000001,49.895160700000005,petite,32b,sheath,4,4.0,work,large
32.0,157.48000000000002,49.895160700000005,petite,32c,dress,4,4.0,work,large
46.0,152.4,45.359237,petite,32b,romper,1,4.0,everyday,large
34.0,157.48000000000002,55.791861510000004,hourglass,32d,dress,12,4.0,party,small
38.0,165.1,54.4310844,athletic,32c,vest,4,4.0,everyday,large
31.0,180.34,70.30681735,hourglass,34d,romper,20,4.0,party,large
30.0,175.26,61.23496995,straight & narrow,32c,blouse,8,2.0,party,fit
31.0,152.4,43.09127515,petite,32b,jumpsuit,1,2.0,party,large
32.0,162.56,54.4310844,petite,32b,shift,1,4.0,everyday,large
21.0,162.56,61.23496995,hourglass,34b,gown,16,2.0,formal affair,small
29.0,170.18,70.30681735,straight & narrow,36b,top,14,4.0,everyday,large
37.0,162.56,56.69904625,petite,34b,dress,4,2.0,wedding,fit
30.0,177.8,68.0388555,hourglass,34c,sheath,16,4.0,formal affair,small
58.0,167.64000000000001,58.05982336,athletic,36c,top,12,2.0,everyday,fit
31.0,157.48000000000002,56.69904625,hourglass,32dd,dress,8,4.0,everyday,large
37.0,157.48000000000002,70.30681735,hourglass,36d+,dress,20,2.0,party,fit
33.0,172.72,54.4310844,hourglass,34b,sheath,8,4.0,party,small
30.0,172.72,63.502931800000006,pear,34b,dress,8,4.0,party,small
29.0,165.1,63.502931800000006,pear,34b,dress,12,4.0,wedding,fit
39.0,167.64000000000001,81.6466266,full bust,36dd,gown,24,4.0,formal affair,fit
34.0,172.72,68.0388555,athletic,38c,dress,12,2.0,date,small
35.0,165.1,49.895160700000005,petite,34b,dress,3,2.0,,fit
37.0,175.26,63.502931800000006,full bust,32d+,gown,13,2.0,other,small
36.0,160.02,52.163122550000004,petite,34c,dress,4,4.0,wedding,small
33.0,157.48000000000002,58.9670081,hourglass,32d+,gown,12,4.0,formal affair,fit
31.0,157.48000000000002,42.63768278,petite,32a,dress,4,4.0,party,large
29.0,157.48000000000002,58.9670081,athletic,34c,dress,16,4.0,wedding,large
33.0,177.8,72.57477920000001,hourglass,36b,dress,16,2.0,other,fit
27.0,177.8,61.23496995,straight & narrow,34b,gown,5,4.0,formal affair,small
34.0,152.4,54.4310844,athletic,36c,shirtdress,12,4.0,everyday,fit
30.0,152.4,56.24545388,petite,34b,sheath,12,4.0,party,fit
34.0,165.1,54.4310844,straight & narrow,34b,dress,8,4.0,party,large
39.0,170.18,68.0388555,pear,36d,dress,16,4.0,party,small
39.0,172.72,74.84274105,pear,34d,dress,20,4.0,everyday,small
32.0,152.4,49.895160700000005,petite,32a,dress,1,4.0,wedding,large
41.0,170.18,56.69904625,straight & narrow,32b,dress,8,2.0,work,fit
35.0,170.18,61.23496995,hourglass,,sheath,12,4.0,work,small
28.0,162.56,58.9670081,full bust,34d,dress,8,2.0,formal affair,fit
36.0,165.1,61.23496995,full bust,36d,sheath,16,4.0,party,fit
30.0,170.18,63.502931800000006,pear,32c,gown,16,4.0,wedding,fit
24.0,162.56,48.534383590000004,petite,34b,dress,4,4.0,work,large
33.0,165.1,48.98797596,petite,32b,dress,1,2.0,other,small
35.0,177.8,68.0388555,athletic,34c,jumpsuit,14,4.0,party,small
30.0,170.18,56.69904625,hourglass,34c,dress,4,4.0,date,fit
36.0,157.48000000000002,53.523899660000005,petite,34b,gown,12,2.0,formal affair,fit
31.0,172.72,70.30681735,hourglass,32f,top,14,4.0,work,fit
43.0,149.86,54.4310844,petite,36a,top,8,4.0,everyday,fit
37.0,170.18,65.77089365,hourglass,32g,top,14,4.0,everyday,small
17.0,154.94,45.359237,,,dress,4,4.0,party,large
41.0,167.64000000000001,68.0388555,apple,36c,gown,21,4.0,formal affair,small
26.0,160.02,63.502931800000006,hourglass,34b,dress,16,2.0,formal affair,small
23.0,157.48000000000002,54.4310844,petite,32b,dress,1,4.0,party,large
44.0,167.64000000000001,52.163122550000004,straight & narrow,32d,dress,8,2.0,everyday,large
30.0,157.48000000000002,68.0388555,hourglass,36c,dress,20,4.0,wedding,small
28.0,165.1,52.163122550000004,straight & narrow,32b,sheath,4,2.0,date,fit
30.0,160.02,45.359237,petite,30c,dress,1,4.0,wedding,large
30.0,162.56,72.57477920000001,apple,36b,dress,20,4.0,vacation,small
31.0,160.02,47.62719885,petite,32b,dress,1,4.0,wedding,large
31.0,160.02,56.69904625,full bust,34c,dress,12,4.0,work,fit
43.0,177.8,61.23496995,athletic,34b,maxi,13,4.0,everyday,large
27.0,172.72,68.0388555,athletic,34b,sheath,16,2.0,other,large
39.0,167.64000000000001,67.13167076,pear,36b,dress,8,4.0,other,large
24.0,162.56,61.23496995,athletic,34c,blouse,4,4.0,everyday,fit
31.0,160.02,56.69904625,hourglass,34d,dress,12,4.0,wedding,large
33.0,152.4,50.80234544,petite,32d,dress,1,4.0,date,large
35.0,162.56,70.30681735,pear,34d,maxi,16,2.0,wedding,fit
32.0,177.8,56.69904625,hourglass,32c,dress,4,2.0,party,large
30.0,175.26,63.502931800000006,hourglass,34a,dress,8,4.0,work,large
33.0,172.72,54.4310844,straight & narrow,32a,dress,4,2.0,wedding,small
36.0,175.26,53.523899660000005,straight & narrow,32a,romper,8,4.0,other,large
31.0,152.4,56.69904625,hourglass,32d,dress,12,4.0,vacation,large
34.0,162.56,63.502931800000006,pear,32b,blouse,8,2.0,work,fit
42.0,170.18,58.513415730000006,athletic,,dress,4,4.0,formal affair,small
33.0,175.26,63.502931800000006,athletic,36c,gown,16,4.0,formal affair,small
37.0,175.26,58.513415730000006,straight & narrow,34c,dress,8,2.0,party,large
29.0,165.1,56.69904625,straight & narrow,34b,dress,8,2.0,wedding,small
34.0,177.8,72.57477920000001,hourglass,32g,dress,12,4.0,wedding,fit
30.0,177.8,63.502931800000006,athletic,34b,romper,8,4.0,vacation,small
30.0,170.18,54.4310844,hourglass,34c,dress,4,4.0,wedding,large
33.0,175.26,58.9670081,athletic,34b,skirt,1,4.0,work,fit
35.0,170.18,74.84274105,athletic,36b,top,20,4.0,everyday,fit
32.0,170.18,68.0388555,hourglass,36c,gown,20,4.0,formal affair,small
29.0,167.64000000000001,81.6466266,apple,36c,dress,8,2.0,wedding,large
33.0,157.48000000000002,72.57477920000001,apple,36d,gown,16,4.0,wedding,fit
37.0,162.56,62.59574706,pear,36d+,jumpsuit,12,4.0,party,fit
37.0,167.64000000000001,55.791861510000004,hourglass,34d,dress,8,2.0,formal affair,large
38.0,172.72,68.0388555,hourglass,34c,sheath,8,4.0,party,fit
32.0,167.64000000000001,56.69904625,hourglass,34d,dress,4,2.0,everyday,fit
39.0,177.8,65.77089365,athletic,32d,top,12,2.0,everyday,fit
32.0,172.72,63.502931800000006,athletic,34b,mini,12,4.0,party,fit
28.0,167.64000000000001,52.163122550000004,hourglass,32d,dress,1,4.0,wedding,small
34.0,172.72,52.163122550000004,hourglass,34c,gown,9,4.0,formal affair,fit
34.0,162.56,58.05982336,athletic,34c,dress,8,4.0,work,large
30.0,157.48000000000002,65.77089365,pear,34c,dress,14,4.0,everyday,large
31.0,157.48000000000002,68.0388555,petite,36a,sheath,24,4.0,wedding,fit
45.0,167.64000000000001,61.23496995,athletic,36b,dress,8,4.0,everyday,fit
27.0,165.1,63.502931800000006,athletic,32c,dress,8,4.0,everyday,large
55.0,162.56,56.69904625,athletic,36c,dress,8,4.0,formal affair,fit
31.0,167.64000000000001,61.23496995,pear,34c,dress,14,2.0,vacation,fit
42.0,167.64000000000001,69.85322498000001,pear,32c,shirt,8,4.0,everyday,small
40.0,167.64000000000001,72.12118683,hourglass,34d,dress,16,4.0,wedding,small
25.0,160.02,53.97749203,apple,34b,gown,8,4.0,formal affair,fit
32.0,157.48000000000002,63.502931800000006,full bust,,dress,24,2.0,other,small
30.0,162.56,52.163122550000004,athletic,34b,dress,4,4.0,party,small
29.0,167.64000000000001,61.23496995,athletic,34b,gown,8,4.0,wedding,fit
38.0,167.64000000000001,56.69904625,hourglass,34c,dress,14,2.0,other,large
31.0,165.1,63.502931800000006,athletic,,romper,14,2.0,other,small
29.0,170.18,74.84274105,hourglass,36d+,gown,24,4.0,formal affair,fit
43.0,160.02,52.163122550000004,straight & narrow,34a,dress,1,2.0,wedding,fit
32.0,177.8,74.84274105,athletic,34b,gown,25,2.0,formal affair,fit
29.0,160.02,63.502931800000006,athletic,34c,mini,12,4.0,party,small
38.0,170.18,77.1107029,pear,36b,blazer,20,4.0,work,small
22.0,172.72,61.23496995,hourglass,32b,gown,8,4.0,formal affair,large
29.0,162.56,56.69904625,petite,32a,dress,4,4.0,wedding,fit
40.0,170.18,61.23496995,hourglass,34d,tunic,14,4.0,party,large
26.0,160.02,49.44156833,petite,32dd,gown,1,4.0,formal affair,fit
33.0,180.34,65.77089365,hourglass,36c,dress,16,2.0,party,small
36.0,167.64000000000001,68.0388555,athletic,36c,gown,17,4.0,formal affair,fit
35.0,162.56,59.874192840000006,athletic,34b,dress,8,4.0,everyday,fit
32.0,175.26,72.57477920000001,straight & narrow,38dd,gown,25,4.0,formal affair,fit
31.0,172.72,70.30681735,hourglass,34d,romper,12,4.0,everyday,large
27.0,162.56,61.23496995,athletic,34b,dress,12,4.0,wedding,fit
31.0,167.64000000000001,58.9670081,hourglass,32c,gown,17,4.0,wedding,small
39.0,160.02,53.523899660000005,hourglass,32d,dress,1,4.0,wedding,fit
27.0,152.4,56.69904625,,,dress,14,4.0,everyday,fit
41.0,160.02,63.502931800000006,hourglass,34g,gown,14,2.0,formal affair,fit
37.0,165.1,61.23496995,pear,,dress,12,4.0,work,fit
32.0,167.64000000000001,58.9670081,straight & narrow,34b,shift,1,4.0,everyday,small
24.0,172.72,56.69904625,straight & narrow,,top,4,4.0,party,large
50.0,165.1,67.13167076,hourglass,,gown,12,4.0,party,small
43.0,162.56,51.255937810000006,pear,34a,dress,4,4.0,other,fit
34.0,177.8,65.77089365,athletic,34a,shift,12,4.0,formal affair,fit
30.0,172.72,63.502931800000006,straight & narrow,34c,sheath,16,4.0,date,small
53.0,167.64000000000001,82.55381134000001,hourglass,38c,shift,24,2.0,everyday,fit
35.0,160.02,45.359237,petite,32c,dress,4,4.0,other,fit
25.0,157.48000000000002,49.895160700000005,petite,32c,dress,4,4.0,everyday,large
38.0,160.02,74.84274105,hourglass,36f,dress,20,2.0,formal affair,small
47.0,157.48000000000002,49.895160700000005,hourglass,32d,dress,4,2.0,work,small
35.0,172.72,70.30681735,hourglass,34b,romper,12,2.0,party,small
27.0,160.02,49.895160700000005,petite,32a,dress,4,4.0,wedding,large
37.0,157.48000000000002,58.9670081,full bust,38c,dress,8,4.0,everyday,fit
33.0,160.02,51.70953018,petite,32d,dress,4,4.0,work,large
36.0,162.56,55.791861510000004,,34d,skirt,4,4.0,everyday,fit
36.0,172.72,60.781377580000004,straight & narrow,34b,dress,4,4.0,wedding,large
22.0,157.48000000000002,47.62719885,petite,32b,dress,28,4.0,wedding,small
32.0,165.1,62.59574706,athletic,36c,dress,12,4.0,work,large
39.0,162.56,58.9670081,apple,36c,dress,16,4.0,party,large
27.0,157.48000000000002,52.163122550000004,hourglass,34c,sheath,1,4.0,party,large
24.0,167.64000000000001,79.37866475,full bust,36f,jumpsuit,24,2.0,everyday,fit
35.0,177.8,63.502931800000006,athletic,34b,shift,16,2.0,formal affair,large
29.0,177.8,68.0388555,athletic,34b,dress,14,4.0,wedding,fit
41.0,177.8,58.9670081,straight & narrow,34c,blouse,8,4.0,date,fit
29.0,162.56,53.523899660000005,petite,32b,shift,4,4.0,other,large
34.0,170.18,74.84274105,athletic,36c,sheath,16,4.0,other,small
35.0,157.48000000000002,52.163122550000004,athletic,32b,dress,1,4.0,work,fit
49.0,162.56,54.884676770000006,hourglass,34c,gown,8,4.0,formal affair,large
43.0,167.64000000000001,60.32778521,pear,32b,sheath,16,2.0,other,small
31.0,175.26,77.1107029,hourglass,,shift,20,4.0,wedding,large
31.0,157.48000000000002,63.502931800000006,hourglass,36d,shift,16,4.0,other,small
32.0,157.48000000000002,47.173606480000004,petite,34b,mini,1,4.0,party,fit
29.0,157.48000000000002,52.163122550000004,petite,34b,sweater,8,2.0,everyday,large
24.0,177.8,72.57477920000001,hourglass,36b,dress,14,4.0,wedding,small
30.0,162.56,74.84274105,full bust,36d,dress,14,4.0,everyday,large
42.0,165.1,74.84274105,athletic,34dd,romper,20,2.0,everyday,small
33.0,172.72,70.30681735,athletic,36b,sheath,16,4.0,party,small
30.0,170.18,74.84274105,apple,34dd,top,20,4.0,work,small
43.0,165.1,68.0388555,hourglass,32f,romper,20,4.0,everyday,fit
31.0,149.86,53.523899660000005,petite,34a,dress,4,2.0,party,fit
30.0,160.02,61.23496995,athletic,34d,gown,8,4.0,formal affair,fit
28.0,175.26,65.77089365,athletic,34b,dress,12,4.0,wedding,fit
35.0,175.26,74.84274105,athletic,36c,dress,16,4.0,work,small
34.0,170.18,68.0388555,apple,36a,maxi,12,4.0,wedding,small
49.0,167.64000000000001,65.77089365,full bust,36d,dress,12,4.0,formal affair,small
35.0,175.26,58.9670081,hourglass,32d,dress,12,4.0,party,small
45.0,162.56,56.69904625,hourglass,34c,dress,8,2.0,party,small
36.0,162.56,61.23496995,petite,34c,gown,12,2.0,formal affair,fit
30.0,175.26,58.513415730000006,pear,34a,dress,9,4.0,wedding,large
32.0,167.64000000000001,47.62719885,hourglass,32c,dress,4,4.0,other,small
32.0,172.72,70.30681735,athletic,34b,mini,8,2.0,other,fit
29.0,165.1,63.502931800000006,athletic,34c,gown,9,4.0,wedding,small
38.0,172.72,72.57477920000001,athletic,,gown,17,4.0,formal affair,small
29.0,160.02,79.37866475,hourglass,38d,dress,28,2.0,wedding,large
52.0,180.34,89.81128926000001,full bust,38d,dress,28,2.0,formal affair,small
42.0,170.18,61.23496995,athletic,34b,gown,8,4.0,formal affair,small
38.0,167.64000000000001,65.77089365,hourglass,34d,sheath,14,2.0,party,small
46.0,172.72,58.9670081,hourglass,,top,8,2.0,everyday,small
49.0,160.02,61.23496995,hourglass,34c,blouse,16,4.0,everyday,large
31.0,162.56,70.30681735,apple,38c,shirtdress,20,2.0,party,large
28.0,157.48000000000002,54.4310844,petite,34c,dress,8,4.0,formal affair,small
31.0,182.88,68.0388555,straight & narrow,,dress,16,2.0,wedding,small
28.0,162.56,56.69904625,hourglass,32b,dress,12,4.0,wedding,small
39.0,175.26,54.4310844,athletic,34b,gown,5,4.0,formal affair,large
48.0,154.94,53.523899660000005,petite,34a,shift,8,4.0,formal affair,fit
50.0,162.56,58.05982336,hourglass,34d+,sheath,8,2.0,formal affair,fit
31.0,167.64000000000001,69.85322498000001,full bust,34d,sheath,12,4.0,wedding,fit
45.0,157.48000000000002,56.69904625,,,dress,8,4.0,party,fit
33.0,172.72,61.23496995,athletic,34b,dress,8,4.0,work,small
32.0,160.02,49.895160700000005,straight & narrow,34b,romper,4,4.0,party,small
51.0,170.18,68.0388555,hourglass,34ddd/e,gown,17,2.0,formal affair,small
33.0,170.18,59.874192840000006,athletic,32a,dress,14,2.0,formal affair,large
44.0,157.48000000000002,47.62719885,petite,32d,down,4,4.0,party,large
27.0,162.56,56.69904625,pear,34c,dress,12,2.0,other,small
49.0,165.1,70.30681735,hourglass,34dd,dress,28,4.0,everyday,fit
33.0,170.18,77.1107029,hourglass,34c,dress,24,4.0,party,small
31.0,160.02,49.895160700000005,petite,34b,gown,1,4.0,wedding,fit
36.0,160.02,52.61671492,petite,36b,dress,8,4.0,work,fit
32.0,165.1,56.69904625,pear,34c,dress,8,2.0,party,fit
36.0,162.56,77.1107029,hourglass,36d+,dress,20,2.0,party,small
32.0,157.48000000000002,68.0388555,hourglass,36d,sheath,16,4.0,other,small
30.0,167.64000000000001,54.4310844,straight & narrow,34b,dress,4,4.0,party,large
31.0,157.48000000000002,50.80234544,hourglass,34c,dress,4,4.0,party,large
38.0,162.56,54.4310844,petite,32d,dress,8,2.0,party,large
37.0,165.1,60.32778521,full bust,34c,jacket,12,2.0,date,small
33.0,167.64000000000001,56.69904625,hourglass,34c,tank,4,4.0,everyday,large
47.0,172.72,66.67807839000001,hourglass,36d,sheath,14,2.0,work,small
28.0,172.72,52.163122550000004,straight & narrow,32c,gown,4,4.0,formal affair,small
49.0,162.56,58.9670081,full bust,36d,dress,12,4.0,work,small
28.0,154.94,49.895160700000005,petite,32b,gown,1,2.0,formal affair,fit
32.0,167.64000000000001,63.502931800000006,full bust,36c,dress,16,4.0,wedding,large
29.0,165.1,58.9670081,athletic,34b,shift,12,2.0,party,small
30.0,167.64000000000001,58.9670081,hourglass,34c,gown,8,4.0,wedding,large
46.0,154.94,68.0388555,hourglass,34c,gown,19,4.0,wedding,fit
28.0,165.1,52.163122550000004,,,pants,4,2.0,everyday,large
22.0,170.18,58.9670081,straight & narrow,36c,gown,8,2.0,formal affair,large
31.0,157.48000000000002,58.9670081,hourglass,34d,gown,4,4.0,formal affair,fit
41.0,162.56,50.80234544,hourglass,34c,dress,8,2.0,everyday,fit
47.0,177.8,72.12118683,full bust,36dd,dress,20,4.0,vacation,large
30.0,167.64000000000001,68.0388555,pear,34b,dress,14,4.0,formal affair,large
31.0,160.02,56.69904625,full bust,34c,dress,8,4.0,everyday,large
48.0,172.72,61.23496995,pear,,dress,16,2.0,other,small
29.0,162.56,54.4310844,athletic,34b,dress,8,4.0,wedding,small
31.0,167.64000000000001,50.80234544,hourglass,32c,sheath,1,4.0,date,large
35.0,152.4,50.80234544,apple,34c,blazer,8,4.0,work,large
45.0,170.18,88.90410452,full bust,38d,dress,26,4.0,other,small
48.0,172.72,79.37866475,full bust,36dd,dress,24,2.0,party,fit
33.0,172.72,68.0388555,athletic,34c,top,14,2.0,work,fit
30.0,152.4,61.23496995,hourglass,34b,dress,8,4.0,wedding,fit
33.0,157.48000000000002,52.163122550000004,petite,32b,dress,4,2.0,wedding,large
40.0,170.18,61.23496995,athletic,34d,sheath,14,4.0,date,small
28.0,172.72,74.84274105,hourglass,36d,dress,16,2.0,party,fit
31.0,175.26,56.69904625,straight & narrow,32b,sweater,4,4.0,everyday,large
31.0,175.26,59.420600470000004,pear,34c,dress,8,4.0,wedding,small
36.0,160.02,48.98797596,petite,32a,dress,4,4.0,party,small
29.0,162.56,56.69904625,straight & narrow,34a,dress,1,2.0,wedding,fit
28.0,157.48000000000002,49.895160700000005,petite,,dress,1,2.0,other,large
32.0,172.72,58.9670081,straight & narrow,32b,jumpsuit,8,4.0,party,large
28.0,165.1,47.62719885,,,dress,4,4.0,everyday,large
31.0,167.64000000000001,58.9670081,hourglass,32dd,dress,8,4.0,wedding,fit
37.0,180.34,74.84274105,straight & narrow,34c,blouse,14,4.0,everyday,fit
65.0,165.1,57.60623099,athletic,34c,dress,14,4.0,everyday,fit
31.0,165.1,72.57477920000001,full bust,38d,shift,24,4.0,party,small
26.0,165.1,79.37866475,hourglass,36d,gown,24,4.0,formal affair,fit
33.0,165.1,54.4310844,petite,32d,dress,4,2.0,party,fit
38.0,170.18,72.57477920000001,hourglass,36c,gown,20,4.0,formal affair,fit
53.0,162.56,52.163122550000004,straight & narrow,34a,dress,8,4.0,party,fit
46.0,162.56,65.31730128000001,hourglass,36c,jacket,14,4.0,everyday,fit
34.0,177.8,68.0388555,hourglass,34d,sheath,20,4.0,vacation,fit
23.0,170.18,68.0388555,athletic,34d,gown,17,4.0,formal affair,fit
33.0,170.18,65.77089365,full bust,36d,dress,14,4.0,everyday,fit
28.0,167.64000000000001,61.23496995,hourglass,34b,sheath,8,4.0,work,small
46.0,175.26,63.502931800000006,athletic,36b,dress,12,4.0,party,fit
44.0,165.1,79.37866475,full bust,38d,dress,28,4.0,formal affair,small
34.0,160.02,65.31730128000001,hourglass,34g,dress,12,2.0,party,fit
44.0,165.1,60.781377580000004,hourglass,32dd,dress,12,2.0,work,small
50.0,170.18,70.30681735,full bust,36d,sheath,24,2.0,wedding,small
34.0,182.88,77.1107029,hourglass,36c,dress,20,4.0,everyday,small
30.0,172.72,56.69904625,straight & narrow,34b,gown,5,4.0,formal affair,small
39.0,160.02,49.895160700000005,athletic,34b,dress,8,4.0,work,large
41.0,175.26,61.23496995,athletic,34b,shift,12,2.0,party,fit
36.0,172.72,65.77089365,athletic,34b,shift,20,2.0,party,small
52.0,170.18,66.67807839000001,hourglass,36c,maxi,14,2.0,everyday,fit
34.0,172.72,61.23496995,athletic,32c,gown,9,4.0,formal affair,fit
33.0,170.18,68.0388555,athletic,36b,jumpsuit,20,4.0,wedding,small
27.0,160.02,50.80234544,petite,34dd,top,1,2.0,everyday,fit
28.0,152.4,45.359237,petite,34a,dress,12,4.0,work,large
28.0,170.18,58.9670081,hourglass,34d,blazer,8,4.0,other,small
40.0,175.26,62.142154690000005,,,dress,8,4.0,everyday,fit
37.0,162.56,52.163122550000004,petite,32d+,gown,1,4.0,formal affair,fit
23.0,160.02,58.9670081,pear,32b,gown,4,4.0,formal affair,fit
30.0,157.48000000000002,68.0388555,athletic,34a,dress,14,4.0,other,fit
36.0,180.34,68.0388555,hourglass,36d,dress,20,4.0,work,fit
35.0,167.64000000000001,95.2543977,pear,36c,gown,28,4.0,formal affair,small
25.0,160.02,54.4310844,athletic,34b,bomber,1,4.0,everyday,fit
35.0,177.8,70.30681735,hourglass,36c,dress,14,2.0,formal affair,small
50.0,175.26,72.57477920000001,,,dress,20,4.0,party,small
43.0,172.72,56.69904625,pear,32b,gown,4,2.0,formal affair,large
33.0,187.96,77.1107029,athletic,36b,dress,16,4.0,party,fit
33.0,180.34,62.59574706,athletic,34d,dress,9,4.0,formal affair,large
31.0,165.1,54.4310844,full bust,34d+,dress,8,4.0,other,small
35.0,162.56,58.9670081,pear,34b,shift,8,2.0,date,fit
24.0,175.26,65.77089365,straight & narrow,34a,gown,13,4.0,formal affair,fit
35.0,160.02,56.69904625,,34b,gown,8,4.0,formal affair,large
31.0,172.72,74.84274105,hourglass,34d,dress,24,4.0,party,fit
32.0,154.94,63.502931800000006,pear,32c,dress,20,4.0,party,small
27.0,165.1,68.0388555,hourglass,36d,dress,14,4.0,party,small
31.0,162.56,54.4310844,petite,32c,dress,4,4.0,party,large
29.0,157.48000000000002,58.9670081,hourglass,34d,dress,20,4.0,date,small
29.0,167.64000000000001,54.4310844,pear,32a,sheath,4,4.0,formal affair,large
31.0,165.1,47.62719885,athletic,32a,romper,4,4.0,party,large
38.0,170.18,56.69904625,straight & narrow,34dd,shift,8,4.0,date,fit
47.0,162.56,62.59574706,athletic,34d,print,14,4.0,everyday,fit
32.0,157.48000000000002,49.895160700000005,petite,32c,romper,4,4.0,date,large
30.0,157.48000000000002,54.4310844,petite,32d,dress,4,4.0,everyday,small
49.0,170.18,61.23496995,hourglass,36b,dress,12,4.0,work,large
40.0,165.1,70.30681735,hourglass,36c,dress,14,4.0,work,small
34.0,170.18,65.77089365,athletic,34c,dress,20,4.0,party,fit
30.0,175.26,65.77089365,athletic,34b,dress,12,4.0,wedding,small
35.0,162.56,63.502931800000006,hourglass,34ddd/e,dress,16,2.0,date,fit
41.0,177.8,79.37866475,pear,34d,jumpsuit,24,4.0,work,fit
36.0,162.56,58.9670081,apple,34d,sweater,8,4.0,everyday,small
38.0,167.64000000000001,58.9670081,hourglass,34c,gown,4,4.0,wedding,large
40.0,167.64000000000001,56.69904625,straight & narrow,34b,gown,9,4.0,formal affair,large
41.0,175.26,65.77089365,hourglass,36d,gown,13,4.0,formal affair,fit
24.0,162.56,56.69904625,hourglass,34dd,dress,8,4.0,work,fit
29.0,167.64000000000001,49.895160700000005,hourglass,32d,gown,4,4.0,formal affair,large
31.0,170.18,61.23496995,pear,34b,skirt,12,4.0,work,small
41.0,152.4,48.08079122,petite,32a,dress,1,2.0,party,large
56.0,165.1,61.23496995,athletic,36c,sheath,20,2.0,other,small
44.0,157.48000000000002,43.09127515,petite,30d,top,1,4.0,everyday,large
25.0,157.48000000000002,62.59574706,hourglass,36c,dress,16,2.0,party,fit
36.0,157.48000000000002,52.163122550000004,hourglass,32d,gown,4,2.0,formal affair,large
51.0,170.18,61.23496995,athletic,34d,shift,12,4.0,party,fit
30.0,170.18,63.502931800000006,athletic,34d,dress,8,4.0,party,fit
27.0,165.1,88.45051215000001,hourglass,38d,dress,24,2.0,formal affair,fit
36.0,187.96,88.45051215000001,hourglass,38b,dress,24,2.0,formal affair,small
40.0,175.26,61.23496995,athletic,34a,dress,8,4.0,other,large
53.0,162.56,58.9670081,straight & narrow,36a,sheath,14,4.0,formal affair,fit
45.0,170.18,66.67807839000001,athletic,36d,jacket,20,2.0,everyday,fit
30.0,182.88,75.29633342000001,,,gown,13,4.0,formal affair,small
30.0,162.56,56.69904625,straight & narrow,34b,top,12,2.0,everyday,fit
21.0,165.1,50.80234544,straight & narrow,34c,dress,4,4.0,formal affair,small
31.0,170.18,68.0388555,athletic,36b,dress,14,4.0,wedding,fit
36.0,152.4,56.69904625,hourglass,,top,14,2.0,work,small
37.0,162.56,48.534383590000004,petite,34b,dress,1,4.0,everyday,small
31.0,154.94,68.0388555,hourglass,36c,dress,14,4.0,vacation,fit
36.0,175.26,61.23496995,athletic,36b,mini,12,2.0,formal affair,small
32.0,170.18,58.9670081,athletic,34c,dress,8,2.0,wedding,fit
38.0,175.26,68.0388555,hourglass,34b,dress,8,4.0,party,fit
41.0,172.72,77.1107029,athletic,38c,dress,24,4.0,work,small
28.0,172.72,79.37866475,hourglass,36d,dress,28,4.0,formal affair,small
29.0,172.72,62.59574706,athletic,32c,dress,8,4.0,wedding,large
47.0,162.56,66.67807839000001,athletic,36b,top,16,4.0,everyday,small
40.0,154.94,63.502931800000006,petite,36d,top,14,4.0,everyday,fit
36.0,162.56,81.6466266,apple,36d,dress,24,2.0,work,fit
33.0,157.48000000000002,71.66759446,hourglass,38c,dress,20,4.0,party,small
32.0,175.26,71.21400209000001,hourglass,,dress,20,4.0,date,fit
44.0,165.1,77.1107029,pear,34d,dress,28,2.0,party,large
38.0,154.94,47.62719885,petite,32d,dress,4,4.0,party,small
32.0,162.56,52.61671492,petite,32b,dress,1,4.0,party,small
49.0,154.94,54.4310844,pear,32b,jumpsuit,12,4.0,other,large
35.0,170.18,58.05982336,athletic,34b,gown,8,4.0,formal affair,fit
26.0,157.48000000000002,48.98797596,,,dress,4,2.0,wedding,small
31.0,167.64000000000001,54.4310844,athletic,32c,romper,8,2.0,party,small
29.0,165.1,68.0388555,full bust,34d,sheath,24,2.0,wedding,small
35.0,162.56,80.73944186,hourglass,36d,gown,24,2.0,wedding,fit
29.0,160.02,56.69904625,hourglass,32d,dress,1,2.0,party,large
35.0,165.1,58.9670081,hourglass,34d,dress,12,4.0,work,small
36.0,167.64000000000001,52.163122550000004,straight & narrow,32c,dress,8,4.0,party,large
36.0,162.56,58.9670081,petite,34b,dress,8,2.0,wedding,large
25.0,170.18,54.4310844,hourglass,34d,dress,4,4.0,everyday,large
43.0,167.64000000000001,74.38914868,hourglass,36c,dress,24,4.0,wedding,small
30.0,160.02,63.502931800000006,hourglass,34d,dress,12,2.0,formal affair,fit
31.0,160.02,74.84274105,full bust,38d,gown,24,2.0,wedding,large
29.0,152.4,52.163122550000004,petite,32aa,dress,4,2.0,wedding,large
26.0,160.02,49.895160700000005,petite,32c,gown,1,2.0,wedding,large
46.0,162.56,51.255937810000006,hourglass,34c,shift,8,4.0,work,fit
27.0,172.72,81.6466266,hourglass,,shirtdress,24,2.0,everyday,fit
36.0,172.72,72.57477920000001,hourglass,34dd,romper,20,4.0,everyday,small
33.0,170.18,63.502931800000006,pear,34b,dress,12,4.0,work,fit
36.0,167.64000000000001,72.57477920000001,hourglass,36c,dress,16,2.0,party,fit
45.0,162.56,83.46099608,athletic,36d,gown,24,4.0,formal affair,small
31.0,167.64000000000001,50.80234544,hourglass,32c,dress,1,4.0,other,large
30.0,175.26,56.69904625,straight & narrow,34a,blazer,4,4.0,other,fit
37.0,175.26,65.77089365,hourglass,34b,gown,9,4.0,formal affair,small
55.0,160.02,72.57477920000001,pear,34c,dress,24,4.0,formal affair,small
24.0,162.56,56.69904625,hourglass,32d,dress,1,4.0,party,large
34.0,170.18,68.0388555,athletic,34d,dress,16,2.0,work,fit
41.0,180.34,74.84274105,pear,34d,dress,16,4.0,everyday,small
36.0,160.02,79.83225712000001,full bust,32j,gown,28,2.0,everyday,small
27.0,175.26,58.9670081,hourglass,34d,sheath,8,2.0,party,fit
26.0,167.64000000000001,52.163122550000004,petite,32a,dress,4,4.0,party,large
37.0,172.72,86.1825503,full bust,36d,dress,28,4.0,other,fit
35.0,175.26,79.37866475,pear,32b,romper,14,4.0,party,small
42.0,154.94,52.163122550000004,petite,36b,dress,12,4.0,wedding,small
26.0,177.8,65.77089365,athletic,34a,dress,12,2.0,date,small
30.0,162.56,55.791861510000004,athletic,34c,sheath,4,4.0,wedding,fit
31.0,170.18,58.9670081,athletic,34b,dress,8,4.0,formal affair,fit
27.0,172.72,62.142154690000005,athletic,34b,dress,12,4.0,wedding,fit
35.0,157.48000000000002,52.163122550000004,petite,36a,gown,4,4.0,formal affair,fit
32.0,167.64000000000001,52.163122550000004,athletic,34c,jumpsuit,4,4.0,everyday,fit
31.0,157.48000000000002,64.41011654,petite,36c,mini,16,4.0,party,small
26.0,177.8,72.12118683,hourglass,36d,dress,20,4.0,wedding,large
39.0,167.64000000000001,58.9670081,hourglass,36c,dress,16,4.0,formal affair,small
31.0,154.94,58.9670081,athletic,32d,dress,8,2.0,wedding,fit
33.0,172.72,79.37866475,hourglass,36c,dress,20,2.0,party,small
33.0,165.1,61.23496995,hourglass,36b,shift,12,2.0,party,fit
23.0,170.18,77.1107029,hourglass,36c,dress,16,4.0,work,fit
37.0,162.56,56.69904625,athletic,34a,top,4,4.0,work,large
38.0,162.56,62.59574706,hourglass,34c,shift,12,2.0,other,small
32.0,172.72,63.502931800000006,hourglass,32d,dress,12,4.0,party,small
48.0,160.02,81.6466266,hourglass,38d,dress,28,4.0,vacation,small
28.0,165.1,54.4310844,athletic,34d,dress,4,4.0,everyday,small
40.0,154.94,56.24545388,full bust,32dd,gown,16,2.0,formal affair,fit
49.0,162.56,65.77089365,hourglass,34d+,gown,20,4.0,party,large
29.0,157.48000000000002,56.69904625,hourglass,32d,gown,4,4.0,wedding,large
50.0,175.26,70.30681735,athletic,36c,blouse,14,4.0,everyday,large
30.0,167.64000000000001,70.30681735,athletic,34dd,dress,12,2.0,party,small
33.0,160.02,86.1825503,pear,36ddd/e,gown,20,4.0,formal affair,small
28.0,152.4,43.99845989,petite,34b,dress,4,4.0,work,large
39.0,160.02,55.33826914,hourglass,32c,gown,4,4.0,party,fit
34.0,154.94,54.4310844,petite,34b,dress,4,4.0,wedding,small
43.0,160.02,52.163122550000004,petite,,blouse,1,2.0,everyday,large
33.0,167.64000000000001,54.4310844,hourglass,32d+,gown,4,2.0,formal affair,fit
58.0,172.72,53.523899660000005,straight & narrow,32c,cardigan,4,2.0,everyday,fit
30.0,165.1,58.9670081,athletic,34b,sheath,8,2.0,wedding,fit
33.0,154.94,54.4310844,pear,32b,top,8,4.0,work,fit
35.0,165.1,74.84274105,hourglass,36d,dress,20,4.0,everyday,large
38.0,170.18,72.57477920000001,hourglass,34d,tank,14,4.0,everyday,fit
28.0,160.02,50.80234544,,,romper,4,4.0,date,small
31.0,165.1,58.9670081,pear,34c,dress,8,4.0,wedding,large
34.0,172.72,72.57477920000001,pear,34b,dress,14,4.0,party,small
38.0,180.34,63.502931800000006,hourglass,34b,maxi,9,4.0,date,large
38.0,172.72,54.4310844,straight & narrow,34c,dress,1,4.0,work,fit
53.0,157.48000000000002,62.59574706,athletic,38c,shift,16,2.0,party,small
40.0,154.94,52.61671492,petite,34d,dress,1,4.0,other,fit
31.0,165.1,48.08079122,petite,32c,dress,1,2.0,party,fit
32.0,162.56,54.4310844,athletic,34b,dress,8,4.0,party,fit
30.0,162.56,89.81128926000001,hourglass,38d,gown,28,4.0,other,fit
35.0,160.02,58.9670081,petite,34b,dress,8,4.0,party,small
35.0,180.34,88.45051215000001,hourglass,36dd,gown,25,2.0,party,small
29.0,162.56,56.69904625,athletic,34a,sheath,12,4.0,wedding,fit
31.0,160.02,56.69904625,full bust,34c,dress,4,2.0,everyday,large
59.0,165.1,58.9670081,pear,36b,gown,16,4.0,wedding,small
29.0,172.72,56.69904625,straight & narrow,34a,top,8,4.0,date,fit
32.0,157.48000000000002,46.266421740000006,petite,,cardigan,4,4.0,other,large
45.0,162.56,58.9670081,hourglass,34d,jacket,8,4.0,other,small
37.0,167.64000000000001,65.77089365,athletic,36b,dress,14,4.0,wedding,small
63.0,167.64000000000001,69.85322498000001,pear,38c,gown,24,2.0,formal affair,large
31.0,165.1,72.57477920000001,full bust,,gown,24,4.0,other,small
23.0,170.18,58.9670081,athletic,32d,dress,8,4.0,work,fit
34.0,167.64000000000001,54.4310844,,,skirt,4,2.0,work,small
28.0,162.56,55.791861510000004,athletic,34a,jeans,8,4.0,everyday,large
31.0,167.64000000000001,79.37866475,full bust,36d,dress,24,4.0,formal affair,small
39.0,165.1,45.359237,petite,34b,gown,1,2.0,formal affair,fit
28.0,167.64000000000001,65.77089365,hourglass,36d,top,14,4.0,everyday,fit
30.0,165.1,63.502931800000006,athletic,34a,top,4,4.0,everyday,fit
31.0,165.1,53.523899660000005,petite,34b,gown,4,4.0,wedding,fit
60.0,165.1,53.07030729,athletic,32c,top,4,2.0,party,small
32.0,165.1,65.77089365,hourglass,36c,dress,12,2.0,wedding,fit
30.0,160.02,90.718474,apple,36dd,top,14,2.0,date,small
21.0,172.72,61.23496995,athletic,34d,gown,9,4.0,formal affair,fit
39.0,175.26,71.21400209000001,pear,36b,dress,20,4.0,everyday,fit
43.0,172.72,72.57477920000001,hourglass,36dd,top,20,4.0,everyday,small
47.0,177.8,72.57477920000001,,,sweater,14,4.0,work,fit
25.0,170.18,54.4310844,hourglass,34d,jumpsuit,4,4.0,date,small
29.0,185.42,72.57477920000001,athletic,32d,dress,12,4.0,work,large
32.0,162.56,58.9670081,full bust,,mini,16,2.0,party,small
26.0,162.56,47.62719885,petite,32b,dress,1,4.0,wedding,fit
29.0,157.48000000000002,61.23496995,hourglass,32d,shift,16,4.0,party,large
31.0,165.1,65.77089365,,,maxi,14,4.0,vacation,fit
33.0,154.94,54.4310844,athletic,32c,shift,8,4.0,work,fit
38.0,170.18,74.84274105,athletic,34d+,dress,24,4.0,formal affair,fit
58.0,172.72,53.523899660000005,straight & narrow,32c,top,4,4.0,everyday,large
39.0,172.72,72.57477920000001,pear,34d,pants,14,4.0,everyday,fit
37.0,154.94,54.4310844,hourglass,32d,gown,8,4.0,formal affair,small
40.0,175.26,62.142154690000005,,,dress,12,4.0,work,large
40.0,154.94,52.163122550000004,hourglass,32c,dress,4,4.0,other,large
49.0,149.86,56.69904625,petite,32d,dress,16,2.0,party,small
28.0,157.48000000000002,52.163122550000004,athletic,36a,dress,4,2.0,wedding,large
35.0,157.48000000000002,49.895160700000005,petite,32b,dress,1,2.0,party,large
58.0,162.56,49.895160700000005,petite,32c,top,4,4.0,other,large
27.0,167.64000000000001,65.77089365,straight & narrow,34b,dress,4,4.0,date,small
27.0,157.48000000000002,49.895160700000005,petite,32a,gown,0,4.0,formal affair,fit
32.0,167.64000000000001,61.23496995,athletic,34b,dress,8,4.0,date,small
29.0,162.56,58.9670081,hourglass,32dd,shift,8,4.0,other,fit
35.0,160.02,63.502931800000006,full bust,34d,gown,8,4.0,formal affair,fit
33.0,154.94,54.4310844,pear,32b,shift,4,4.0,work,large
29.0,172.72,61.23496995,athletic,32d,dress,8,2.0,party,small
30.0,162.56,52.163122550000004,hourglass,32d,dress,4,4.0,wedding,large
32.0,157.48000000000002,54.4310844,petite,32d,dress,8,2.0,formal affair,fit
30.0,160.02,61.23496995,athletic,34c,dress,8,4.0,party,small
34.0,175.26,58.9670081,straight & narrow,34b,dress,8,4.0,party,large
33.0,160.02,49.895160700000005,athletic,32a,dress,1,4.0,wedding,large
29.0,167.64000000000001,58.9670081,athletic,34b,mini,12,2.0,other,fit
42.0,170.18,63.502931800000006,athletic,36b,dress,8,4.0,everyday,fit
32.0,162.56,72.57477920000001,apple,36d,dress,20,2.0,formal affair,small
32.0,170.18,60.781377580000004,full bust,32d,dress,8,4.0,wedding,large
54.0,154.94,54.884676770000006,petite,34a,dress,4,4.0,everyday,fit
34.0,165.1,52.163122550000004,athletic,34b,jumpsuit,1,4.0,party,fit
25.0,172.72,52.61671492,athletic,32c,gown,1,4.0,formal affair,large
42.0,180.34,62.59574706,straight & narrow,34b,dress,12,4.0,party,small
35.0,172.72,63.502931800000006,hourglass,34d,dress,14,2.0,party,large
32.0,160.02,52.163122550000004,athletic,34b,dress,4,4.0,wedding,fit
34.0,160.02,63.502931800000006,athletic,36c,top,8,4.0,vacation,large
23.0,182.88,68.0388555,hourglass,34c,dress,12,4.0,formal affair,fit
26.0,162.56,61.23496995,athletic,34d+,dress,12,4.0,wedding,small
30.0,160.02,58.9670081,pear,34c,gown,8,4.0,party,fit
38.0,154.94,49.895160700000005,petite,32c,sheath,4,4.0,wedding,small
35.0,177.8,68.0388555,athletic,34c,dress,14,4.0,work,small
31.0,177.8,71.21400209000001,,,dress,16,4.0,wedding,small
39.0,152.4,53.523899660000005,petite,34c,dress,8,4.0,party,small
32.0,175.26,70.30681735,athletic,34d,dress,12,2.0,party,small
32.0,154.94,49.895160700000005,hourglass,32d,dress,1,4.0,wedding,large
37.0,170.18,55.33826914,,34b,top,8,4.0,party,small
47.0,175.26,65.31730128000001,full bust,36c,dress,16,4.0,everyday,fit
25.0,162.56,61.23496995,athletic,34c,dress,8,4.0,party,fit
30.0,172.72,65.77089365,pear,34c,dress,14,4.0,wedding,large
31.0,167.64000000000001,74.84274105,hourglass,36b,maxi,13,4.0,wedding,small
39.0,165.1,68.0388555,pear,34b,gown,16,4.0,formal affair,large
39.0,172.72,74.84274105,pear,34d,dress,20,4.0,everyday,fit
29.0,165.1,72.57477920000001,hourglass,36d,jacket,20,4.0,work,small
47.0,165.1,54.4310844,athletic,34b,sweater,8,4.0,work,small
44.0,160.02,52.163122550000004,athletic,34b,dress,8,2.0,wedding,small
51.0,170.18,62.59574706,athletic,36a,dress,16,4.0,other,large
30.0,162.56,53.523899660000005,hourglass,34b,dress,4,4.0,vacation,large
47.0,167.64000000000001,81.6466266,hourglass,38d,gown,28,4.0,party,fit
29.0,170.18,77.1107029,athletic,36d,dress,20,4.0,wedding,small
48.0,175.26,72.57477920000001,athletic,36b,gown,25,4.0,formal affair,small
29.0,170.18,58.9670081,athletic,34d,jumpsuit,12,4.0,party,fit
39.0,177.8,70.30681735,pear,36b,dress,16,4.0,other,large
39.0,175.26,65.77089365,full bust,34d,romper,12,4.0,party,fit
30.0,162.56,61.23496995,hourglass,34d+,dress,14,4.0,date,small
26.0,167.64000000000001,56.69904625,,32d,dress,4,4.0,work,small
30.0,172.72,58.9670081,,34d,romper,14,2.0,party,small
27.0,162.56,54.4310844,,34c,dress,8,4.0,work,large
28.0,160.02,52.163122550000004,petite,34b,gown,1,4.0,formal affair,small
29.0,157.48000000000002,52.163122550000004,petite,34b,dress,8,4.0,party,fit
37.0,177.8,63.502931800000006,pear,34b,dress,14,2.0,party,fit
38.0,172.72,61.23496995,straight & narrow,34c,dress,8,4.0,vacation,fit
27.0,162.56,62.59574706,pear,34c,dress,14,2.0,wedding,fit
38.0,157.48000000000002,54.4310844,petite,34b,dress,8,4.0,work,small
35.0,162.56,56.69904625,athletic,34b,dress,4,4.0,work,small
38.0,162.56,49.895160700000005,straight & narrow,32d,dress,4,4.0,everyday,small
33.0,175.26,64.41011654,athletic,34c,dress,16,2.0,wedding,small
29.0,170.18,68.0388555,hourglass,36b,dress,20,4.0,everyday,small
35.0,160.02,56.69904625,pear,32c,dress,4,4.0,party,large
30.0,170.18,58.05982336,athletic,34b,dress,4,4.0,wedding,large
36.0,162.56,54.4310844,straight & narrow,36c,dress,1,4.0,party,small
28.0,175.26,61.68856232,pear,34c,jacket,4,4.0,other,large
34.0,180.34,83.91458845000001,athletic,36d,gown,29,2.0,formal affair,small
56.0,172.72,56.24545388,athletic,34dd,gown,14,4.0,formal affair,fit
34.0,165.1,57.60623099,athletic,34b,dress,8,4.0,everyday,fit
26.0,175.26,61.23496995,,34dd,sheath,8,4.0,wedding,small
31.0,175.26,81.6466266,apple,38c,maxi,28,4.0,wedding,small
37.0,157.48000000000002,54.4310844,petite,32b,dress,8,4.0,everyday,fit
31.0,154.94,47.173606480000004,petite,32b,gown,8,2.0,formal affair,small
48.0,157.48000000000002,49.895160700000005,petite,,gown,8,2.0,wedding,large
31.0,162.56,58.9670081,athletic,34c,sheath,12,4.0,wedding,small
35.0,165.1,72.57477920000001,apple,36c,dress,20,4.0,wedding,fit
40.0,175.26,58.9670081,athletic,32c,gown,9,2.0,formal affair,large
37.0,175.26,65.77089365,full bust,36d+,gown,25,2.0,formal affair,small
27.0,162.56,72.57477920000001,apple,34b,shift,20,4.0,wedding,fit
39.0,154.94,52.163122550000004,full bust,34dd,dress,1,4.0,work,small
32.0,172.72,54.4310844,straight & narrow,34b,skirt,4,2.0,everyday,fit
43.0,165.1,63.502931800000006,hourglass,36d,kaftan,14,2.0,everyday,large
30.0,162.56,47.62719885,petite,32c,mini,1,2.0,party,fit
39.0,157.48000000000002,47.62719885,hourglass,34c,gown,4,4.0,vacation,large
42.0,160.02,65.77089365,full bust,36d,dress,8,4.0,wedding,large
29.0,170.18,58.9670081,hourglass,34b,jacket,14,4.0,everyday,small
25.0,170.18,58.9670081,full bust,,romper,20,2.0,party,small
24.0,160.02,61.23496995,pear,34c,mini,12,4.0,formal affair,large
31.0,160.02,56.69904625,full bust,34c,shift,8,4.0,party,large
31.0,160.02,56.69904625,full bust,34c,dress,8,4.0,work,small
33.0,162.56,54.4310844,hourglass,34c,dress,4,4.0,everyday,large
42.0,165.1,56.69904625,pear,36b,dress,8,2.0,party,large
42.0,167.64000000000001,74.84274105,pear,36d,dress,24,4.0,vacation,small
36.0,175.26,61.23496995,straight & narrow,34b,dress,4,4.0,wedding,large
26.0,170.18,67.58526313,athletic,34d,dress,12,4.0,party,large
44.0,177.8,60.781377580000004,athletic,34d,top,8,4.0,everyday,large
26.0,172.72,72.57477920000001,pear,36b,dress,20,2.0,work,fit
23.0,157.48000000000002,56.69904625,pear,32dd,jacket,8,4.0,everyday,large
39.0,157.48000000000002,61.23496995,athletic,34c,gown,12,2.0,party,small
27.0,154.94,70.30681735,full bust,36d,dress,20,2.0,date,fit
54.0,172.72,64.41011654,athletic,36b,coat,14,4.0,everyday,large
51.0,167.64000000000001,63.502931800000006,hourglass,34dd,top,20,4.0,vacation,small
41.0,172.72,68.0388555,hourglass,,skirt,16,4.0,party,small
34.0,162.56,52.163122550000004,full bust,34d+,gown,12,2.0,wedding,small
36.0,160.02,52.61671492,petite,36b,dress,12,4.0,wedding,small
30.0,177.8,86.1825503,hourglass,38b,dress,29,4.0,wedding,fit
30.0,172.72,56.69904625,pear,34b,dress,8,4.0,party,fit
50.0,167.64000000000001,58.9670081,hourglass,34c,dress,8,4.0,formal affair,fit
33.0,167.64000000000001,58.9670081,hourglass,36c,dress,8,4.0,formal affair,fit
31.0,175.26,70.30681735,pear,36b,gown,20,4.0,wedding,small
31.0,162.56,54.4310844,athletic,32d,dress,4,2.0,work,fit
35.0,165.1,58.05982336,full bust,34c,dress,8,4.0,formal affair,small
33.0,165.1,70.30681735,hourglass,36c,dress,20,4.0,work,fit
29.0,157.48000000000002,49.895160700000005,athletic,34a,gown,1,2.0,wedding,fit
45.0,162.56,52.163122550000004,hourglass,34a,dress,8,4.0,everyday,fit
31.0,165.1,61.23496995,pear,,dress,8,4.0,other,fit
34.0,162.56,63.502931800000006,pear,32b,dress,8,4.0,date,small
32.0,165.1,52.163122550000004,straight & narrow,32b,gown,2,4.0,formal affair,fit
31.0,160.02,45.359237,petite,32b,dress,1,2.0,date,large
47.0,167.64000000000001,74.84274105,pear,36b,dress,24,4.0,other,large
28.0,160.02,48.98797596,hourglass,30c,maxi,1,2.0,everyday,large
29.0,162.56,58.9670081,pear,32d,dress,8,4.0,party,large
37.0,180.34,54.4310844,straight & narrow,34a,dress,1,4.0,work,fit
30.0,165.1,56.24545388,,32dd,shirt,8,4.0,everyday,small
38.0,165.1,49.895160700000005,hourglass,34a,dress,4,2.0,vacation,large
29.0,154.94,47.62719885,petite,32d+,dress,4,2.0,work,small
31.0,160.02,59.874192840000006,hourglass,32c,dress,8,2.0,other,fit
35.0,157.48000000000002,68.0388555,hourglass,36b,maxi,20,4.0,party,fit
47.0,170.18,65.77089365,athletic,34c,dress,8,4.0,party,fit
27.0,160.02,51.255937810000006,petite,,blouse,8,4.0,everyday,fit
33.0,180.34,95.2543977,hourglass,36d+,gown,29,4.0,formal affair,small
42.0,180.34,62.59574706,straight & narrow,34b,skirt,4,4.0,party,fit
28.0,167.64000000000001,58.9670081,straight & narrow,,sheath,4,4.0,other,fit
32.0,160.02,56.69904625,pear,32b,dress,8,4.0,wedding,fit
57.0,162.56,62.59574706,pear,,top,12,4.0,everyday,fit
32.0,167.64000000000001,56.69904625,pear,34b,sheath,4,4.0,party,fit
40.0,177.8,63.502931800000006,straight & narrow,34b,gown,9,2.0,wedding,large
38.0,162.56,53.523899660000005,pear,34a,gown,12,4.0,formal affair,fit
41.0,160.02,57.152638620000005,hourglass,34d,romper,12,4.0,vacation,small
31.0,175.26,58.9670081,straight & narrow,34c,dress,8,4.0,wedding,large
39.0,160.02,56.69904625,petite,34d,jumpsuit,4,2.0,other,large
25.0,167.64000000000001,61.23496995,athletic,34b,dress,8,4.0,work,fit
29.0,165.1,48.08079122,straight & narrow,32a,sheath,4,4.0,wedding,large
36.0,165.1,58.9670081,athletic,34b,dress,8,4.0,vacation,small
33.0,165.1,56.69904625,hourglass,32d,dress,8,4.0,wedding,large
38.0,167.64000000000001,58.9670081,hourglass,34d,shift,8,2.0,party,large
47.0,170.18,63.04933943,full bust,34d+,dress,12,4.0,formal affair,large
25.0,162.56,61.23496995,athletic,34c,dress,14,4.0,everyday,small
43.0,162.56,54.4310844,hourglass,34c,dress,12,4.0,party,fit
36.0,167.64000000000001,52.163122550000004,athletic,34b,blazer,1,4.0,work,large
49.0,160.02,58.9670081,full bust,34c,gown,12,2.0,formal affair,small
26.0,177.8,72.57477920000001,full bust,38d,top,20,2.0,work,large
30.0,165.1,61.23496995,hourglass,34d,shift,12,4.0,wedding,fit
29.0,167.64000000000001,61.23496995,athletic,32d,dress,14,4.0,formal affair,large
23.0,160.02,56.69904625,petite,34d,dress,8,4.0,work,large
32.0,175.26,74.84274105,athletic,36d,gown,25,4.0,wedding,fit
31.0,160.02,52.163122550000004,hourglass,32dd,dress,1,4.0,work,fit
32.0,170.18,53.523899660000005,petite,34d,shift,4,4.0,party,fit
31.0,157.48000000000002,53.97749203,hourglass,32b,gown,4,4.0,other,fit
35.0,167.64000000000001,52.163122550000004,straight & narrow,32c,top,1,2.0,date,fit
26.0,167.64000000000001,70.30681735,hourglass,36c,coat,20,4.0,everyday,large
22.0,167.64000000000001,68.0388555,hourglass,36b,sheath,20,4.0,party,small
53.0,165.1,71.66759446,hourglass,36c,dress,24,4.0,party,small
30.0,162.56,56.69904625,straight & narrow,34b,top,8,2.0,work,small
41.0,170.18,72.57477920000001,full bust,38ddd/e,top,20,4.0,everyday,fit
41.0,165.1,63.502931800000006,full bust,36d,dress,16,4.0,date,fit
56.0,170.18,58.9670081,straight & narrow,34b,dress,16,2.0,party,small
37.0,170.18,73.93555631000001,apple,38d,gown,25,2.0,formal affair,small
34.0,170.18,74.84274105,athletic,36c,dress,20,4.0,party,small
47.0,160.02,65.77089365,petite,36a,dress,14,2.0,other,fit
37.0,154.94,52.163122550000004,petite,34a,top,4,4.0,everyday,large
32.0,167.64000000000001,70.30681735,athletic,34d,dress,16,2.0,party,small
29.0,170.18,83.91458845000001,hourglass,36b,gown,20,4.0,wedding,fit
43.0,162.56,53.523899660000005,athletic,34c,pants,4,4.0,everyday,large
32.0,170.18,68.0388555,hourglass,36c,jumpsuit,15,4.0,wedding,small
25.0,165.1,56.69904625,hourglass,34d,dress,8,2.0,formal affair,small
33.0,172.72,72.57477920000001,hourglass,36c,dress,16,4.0,formal affair,fit
36.0,167.64000000000001,74.84274105,hourglass,36d,jumpsuit,24,4.0,date,fit
33.0,154.94,54.4310844,pear,32b,shift,1,4.0,work,large
29.0,175.26,74.84274105,pear,34b,sheath,16,4.0,other,small
34.0,165.1,56.69904625,athletic,34c,sweater,8,4.0,everyday,large
43.0,160.02,52.163122550000004,hourglass,34c,gown,4,4.0,party,large
28.0,160.02,61.23496995,athletic,32d,gown,4,4.0,formal affair,large
38.0,162.56,61.23496995,athletic,34a,dress,4,4.0,work,small
28.0,160.02,60.32778521,pear,32d,top,8,4.0,everyday,small
41.0,160.02,65.77089365,apple,34c,dress,16,4.0,wedding,fit
39.0,170.18,68.49244787,athletic,36c,dress,24,4.0,party,fit
48.0,175.26,61.23496995,hourglass,34d,dress,20,4.0,party,large
35.0,162.56,54.4310844,straight & narrow,32b,dress,8,4.0,party,fit
35.0,172.72,65.77089365,hourglass,34c,dress,16,4.0,work,small
35.0,165.1,63.502931800000006,full bust,32d,dress,14,2.0,work,large
36.0,157.48000000000002,55.33826914,petite,34d,sheath,12,4.0,formal affair,fit
33.0,172.72,68.0388555,athletic,34c,dress,14,4.0,date,fit
35.0,170.18,63.502931800000006,athletic,34b,gown,8,2.0,formal affair,small
26.0,177.8,72.12118683,hourglass,36d,shift,20,2.0,formal affair,large
32.0,167.64000000000001,65.77089365,hourglass,36c,gown,12,4.0,formal affair,large
27.0,167.64000000000001,72.57477920000001,hourglass,36d,dress,24,2.0,wedding,small
66.0,162.56,78.01788764,hourglass,36d,gown,28,2.0,wedding,large
39.0,165.1,56.24545388,athletic,34b,sheath,4,2.0,work,small
31.0,167.64000000000001,56.69904625,pear,34b,skirt,8,4.0,work,small
32.0,165.1,56.69904625,athletic,34c,dress,16,4.0,work,fit
68.0,162.56,60.32778521,hourglass,34d,sheath,12,4.0,date,small
26.0,165.1,56.24545388,athletic,32b,shift,4,4.0,other,fit
34.0,160.02,56.69904625,pear,34d,dress,16,4.0,wedding,small
38.0,162.56,51.70953018,athletic,,jacket,4,4.0,everyday,fit
28.0,167.64000000000001,68.0388555,hourglass,36d,knit,14,2.0,other,large
35.0,165.1,57.60623099,hourglass,36c,dress,12,4.0,work,fit
32.0,152.4,46.72001411,petite,34b,gown,1,4.0,formal affair,small
34.0,170.18,60.32778521,full bust,32d,dress,8,4.0,work,large
33.0,177.8,70.30681735,pear,36b,top,14,4.0,work,large
34.0,157.48000000000002,53.07030729,petite,32d+,dress,4,2.0,wedding,fit
26.0,160.02,56.69904625,athletic,34b,dress,4,4.0,work,fit
30.0,175.26,72.57477920000001,full bust,38c,blouse,20,4.0,everyday,fit
31.0,170.18,58.9670081,pear,34a,shift,8,4.0,other,small
27.0,180.34,77.1107029,hourglass,34d,coat,16,4.0,everyday,fit
37.0,165.1,61.23496995,pear,34a,gown,8,2.0,formal affair,small
40.0,175.26,62.142154690000005,,,shirtdress,8,4.0,work,large
38.0,162.56,49.895160700000005,straight & narrow,32d,dress,8,4.0,party,small
37.0,167.64000000000001,74.84274105,athletic,36c,shirtdress,14,2.0,work,small
38.0,175.26,65.77089365,hourglass,34c,dress,16,4.0,wedding,large
42.0,170.18,58.9670081,athletic,36c,dress,8,4.0,party,fit
38.0,152.4,56.69904625,hourglass,34c,dress,8,2.0,party,fit
32.0,175.26,62.59574706,hourglass,34c,sheath,12,2.0,wedding,fit
31.0,152.4,47.62719885,petite,32c,dress,4,4.0,everyday,large
45.0,162.56,59.874192840000006,pear,34b,top,8,4.0,work,small
28.0,167.64000000000001,69.85322498000001,athletic,38c,sheath,16,2.0,party,fit
27.0,170.18,68.0388555,athletic,34dd,sheath,14,4.0,formal affair,small
41.0,160.02,72.57477920000001,apple,36dd,jacket,20,4.0,date,small
24.0,167.64000000000001,79.37866475,full bust,36f,dress,24,4.0,wedding,fit
34.0,167.64000000000001,65.31730128000001,hourglass,36b,shift,20,4.0,wedding,fit
31.0,157.48000000000002,49.895160700000005,petite,32c,mini,1,4.0,formal affair,small
44.0,162.56,61.23496995,hourglass,,dress,8,4.0,everyday,small
28.0,165.1,65.77089365,apple,36d,jacket,12,4.0,work,small
35.0,149.86,47.62719885,athletic,32d,top,1,4.0,party,fit
23.0,167.64000000000001,68.0388555,full bust,38d,romper,20,4.0,party,small
34.0,160.02,46.72001411,petite,32b,dress,1,4.0,wedding,large
47.0,160.02,58.9670081,full bust,32dd,dress,14,4.0,other,small
35.0,160.02,56.69904625,athletic,36c,gown,12,4.0,wedding,fit
29.0,165.1,45.359237,petite,30b,top,1,4.0,date,large
43.0,157.48000000000002,68.0388555,hourglass,36dd,dress,12,4.0,party,large
35.0,162.56,49.44156833,hourglass,,gown,1,4.0,formal affair,large
36.0,170.18,56.69904625,athletic,,gown,8,4.0,formal affair,fit
31.0,149.86,58.05982336,athletic,36b,sheath,4,2.0,wedding,small
36.0,167.64000000000001,59.420600470000004,athletic,34c,sweater,8,4.0,everyday,large
35.0,152.4,51.70953018,athletic,,dress,4,4.0,work,fit
48.0,170.18,61.23496995,athletic,34c,pants,12,4.0,everyday,small
28.0,157.48000000000002,61.23496995,hourglass,34d,romper,8,4.0,everyday,small
22.0,162.56,54.4310844,hourglass,34b,top,8,4.0,everyday,large
47.0,175.26,72.57477920000001,athletic,34dd,sheath,20,4.0,party,small
42.0,167.64000000000001,52.163122550000004,athletic,,shift,1,4.0,everyday,large
36.0,154.94,58.9670081,athletic,34d,jumpsuit,8,4.0,party,fit
46.0,175.26,54.4310844,straight & narrow,32a,gown,9,4.0,formal affair,large
45.0,162.56,48.98797596,petite,34b,romper,4,4.0,party,large
34.0,154.94,56.69904625,petite,34c,romper,8,2.0,party,small
45.0,165.1,70.30681735,full bust,36d,blazer,20,4.0,work,fit
49.0,152.4,67.13167076,apple,36b,dress,24,4.0,wedding,fit
32.0,160.02,58.9670081,hourglass,32d+,dress,12,4.0,wedding,fit
35.0,175.26,74.84274105,athletic,34c,gown,17,4.0,formal affair,fit
29.0,167.64000000000001,58.9670081,pear,36a,gown,16,4.0,formal affair,small
31.0,167.64000000000001,61.23496995,athletic,36b,dress,8,4.0,formal affair,small
26.0,172.72,70.30681735,athletic,36b,coat,20,4.0,everyday,large
29.0,172.72,58.9670081,full bust,32d,jumpsuit,3,4.0,wedding,large
31.0,160.02,56.69904625,full bust,34c,dress,8,4.0,everyday,fit
27.0,154.94,54.4310844,petite,34a,dress,8,4.0,party,fit
28.0,170.18,68.0388555,hourglass,36c,sweater,20,4.0,vacation,fit
